The system is: Linux - 5.15.74 - x86_64
Compiling the C compiler identification source file "CMakeCCompilerId.c" succeeded.
Compiler: /home/dev/uswitch/musl/bin/musl-gcc 
Build flags: 
Id flags:  

The output was:
0


Compilation of the C compiler identification source "CMakeCCompilerId.c" produced "a.out"

The C compiler identification is GNU, found in "/home/dev/uswitch/benchmark/bzip2/build/CMakeFiles/3.22.1/CompilerIdC/a.out"

Detecting C compiler ABI info compiled with the following output:
Change Dir: /home/dev/uswitch/benchmark/bzip2/build/CMakeFiles/CMakeTmp

Run Build Command(s):/usr/bin/gmake -f Makefile cmTC_1c69c/fast && /usr/bin/gmake  -f CMakeFiles/cmTC_1c69c.dir/build.make CMakeFiles/cmTC_1c69c.dir/build
gmake[1]: Entering directory '/home/dev/uswitch/benchmark/bzip2/build/CMakeFiles/CMakeTmp'
Building C object CMakeFiles/cmTC_1c69c.dir/CMakeCCompilerABI.c.o
/home/dev/uswitch/musl/bin/musl-gcc   -v -o CMakeFiles/cmTC_1c69c.dir/CMakeCCompilerABI.c.o -c /usr/share/cmake-3.22/Modules/CMakeCCompilerABI.c
Using built-in specs.
Reading specs from /home/dev/uswitch/musl/lib/musl-gcc.specs
rename spec cpp_options to old_cpp_options
COLLECT_GCC=gcc
OFFLOAD_TARGET_NAMES=nvptx-none:amdgcn-amdhsa
OFFLOAD_TARGET_DEFAULT=1
Target: x86_64-linux-gnu
Configured with: ../src/configure -v --with-pkgversion='Ubuntu 11.4.0-1ubuntu1~22.04.2' --with-bugurl=file:///usr/share/doc/gcc-11/README.Bugs --enable-languages=c,ada,c++,go,brig,d,fortran,objc,obj-c++,m2 --prefix=/usr --with-gcc-major-version-only --program-suffix=-11 --program-prefix=x86_64-linux-gnu- --enable-shared --enable-linker-build-id --libexecdir=/usr/lib --without-included-gettext --enable-threads=posix --libdir=/usr/lib --enable-nls --enable-bootstrap --enable-clocale=gnu --enable-libstdcxx-debug --enable-libstdcxx-time=yes --with-default-libstdcxx-abi=new --enable-gnu-unique-object --disable-vtable-verify --enable-plugin --enable-default-pie --with-system-zlib --enable-libphobos-checking=release --with-target-system-zlib=auto --enable-objc-gc=auto --enable-multiarch --disable-werror --enable-cet --with-arch-32=i686 --with-abi=m64 --with-multilib-list=m32,m64,mx32 --enable-multilib --with-tune=generic --enable-offload-targets=nvptx-none=/build/gcc-11-2Y5pKs/gcc-11-11.4.0/debian/tmp-nvptx/usr,amdgcn-amdhsa=/build/gcc-11-2Y5pKs/gcc-11-11.4.0/debian/tmp-gcn/usr --without-cuda-driver --enable-checking=release --build=x86_64-linux-gnu --host=x86_64-linux-gnu --target=x86_64-linux-gnu --with-build-config=bootstrap-lto-lean --enable-link-serialization=2
Thread model: posix
Supported LTO compression algorithms: zlib zstd
gcc version 11.4.0 (Ubuntu 11.4.0-1ubuntu1~22.04.2) 
COLLECT_GCC_OPTIONS='-v' '-o' 'CMakeFiles/cmTC_1c69c.dir/CMakeCCompilerABI.c.o' '-c' '-specs=/home/dev/uswitch/musl/lib/musl-gcc.specs' '-mtune=generic' '-march=x86-64' '-dumpdir' 'CMakeFiles/cmTC_1c69c.dir/'
 /usr/lib/gcc/x86_64-linux-gnu/11/cc1 -quiet -v -imultiarch x86_64-linux-gnu /usr/share/cmake-3.22/Modules/CMakeCCompilerABI.c -nostdinc -isystem /home/dev/uswitch/musl/include -isystem /usr/lib/gcc/x86_64-linux-gnu/11/include -quiet -dumpdir CMakeFiles/cmTC_1c69c.dir/ -dumpbase CMakeCCompilerABI.c.c -dumpbase-ext .c -mtune=generic -march=x86-64 -version -fasynchronous-unwind-tables -fstack-protector-strong -Wformat -Wformat-security -fstack-clash-protection -fcf-protection -o /tmp/cczdseqt.s
GNU C17 (Ubuntu 11.4.0-1ubuntu1~22.04.2) version 11.4.0 (x86_64-linux-gnu)
	compiled by GNU C version 11.4.0, GMP version 6.2.1, MPFR version 4.1.0, MPC version 1.2.1, isl version isl-0.24-GMP

GGC heuristics: --param ggc-min-expand=100 --param ggc-min-heapsize=131072
#include "..." search starts here:
#include <...> search starts here:
 /home/dev/uswitch/musl/include
 /usr/lib/gcc/x86_64-linux-gnu/11/include
End of search list.
GNU C17 (Ubuntu 11.4.0-1ubuntu1~22.04.2) version 11.4.0 (x86_64-linux-gnu)
	compiled by GNU C version 11.4.0, GMP version 6.2.1, MPFR version 4.1.0, MPC version 1.2.1, isl version isl-0.24-GMP

GGC heuristics: --param ggc-min-expand=100 --param ggc-min-heapsize=131072
Compiler executable checksum: 4011c2103cba78949d7e02d0f0047a3d
COLLECT_GCC_OPTIONS='-v' '-o' 'CMakeFiles/cmTC_1c69c.dir/CMakeCCompilerABI.c.o' '-c' '-specs=/home/dev/uswitch/musl/lib/musl-gcc.specs' '-mtune=generic' '-march=x86-64' '-dumpdir' 'CMakeFiles/cmTC_1c69c.dir/'
 as -v --64 -o CMakeFiles/cmTC_1c69c.dir/CMakeCCompilerABI.c.o /tmp/cczdseqt.s
GNU assembler version 2.38 (x86_64-linux-gnu) using BFD version (GNU Binutils for Ubuntu) 2.38
COMPILER_PATH=/usr/lib/gcc/x86_64-linux-gnu/11/:/usr/lib/gcc/x86_64-linux-gnu/11/:/usr/lib/gcc/x86_64-linux-gnu/:/usr/lib/gcc/x86_64-linux-gnu/11/:/usr/lib/gcc/x86_64-linux-gnu/
LIBRARY_PATH=/usr/lib/gcc/x86_64-linux-gnu/11/:/usr/lib/gcc/x86_64-linux-gnu/11/../../../x86_64-linux-gnu/:/usr/lib/gcc/x86_64-linux-gnu/11/../../../../lib/:/lib/x86_64-linux-gnu/:/lib/../lib/:/usr/lib/x86_64-linux-gnu/:/usr/lib/../lib/:/usr/lib/gcc/x86_64-linux-gnu/11/../../../:/lib/:/usr/lib/
COLLECT_GCC_OPTIONS='-v' '-o' 'CMakeFiles/cmTC_1c69c.dir/CMakeCCompilerABI.c.o' '-c' '-specs=/home/dev/uswitch/musl/lib/musl-gcc.specs' '-mtune=generic' '-march=x86-64' '-dumpdir' 'CMakeFiles/cmTC_1c69c.dir/CMakeCCompilerABI.c.'
Linking C executable cmTC_1c69c
/usr/bin/cmake -E cmake_link_script CMakeFiles/cmTC_1c69c.dir/link.txt --verbose=1
/home/dev/uswitch/musl/bin/musl-gcc  -v CMakeFiles/cmTC_1c69c.dir/CMakeCCompilerABI.c.o -o cmTC_1c69c 
Using built-in specs.
Reading specs from /home/dev/uswitch/musl/lib/musl-gcc.specs
rename spec cpp_options to old_cpp_options
COLLECT_GCC=gcc
COLLECT_LTO_WRAPPER=/usr/lib/gcc/x86_64-linux-gnu/11/lto-wrapper
OFFLOAD_TARGET_NAMES=nvptx-none:amdgcn-amdhsa
OFFLOAD_TARGET_DEFAULT=1
Target: x86_64-linux-gnu
Configured with: ../src/configure -v --with-pkgversion='Ubuntu 11.4.0-1ubuntu1~22.04.2' --with-bugurl=file:///usr/share/doc/gcc-11/README.Bugs --enable-languages=c,ada,c++,go,brig,d,fortran,objc,obj-c++,m2 --prefix=/usr --with-gcc-major-version-only --program-suffix=-11 --program-prefix=x86_64-linux-gnu- --enable-shared --enable-linker-build-id --libexecdir=/usr/lib --without-included-gettext --enable-threads=posix --libdir=/usr/lib --enable-nls --enable-bootstrap --enable-clocale=gnu --enable-libstdcxx-debug --enable-libstdcxx-time=yes --with-default-libstdcxx-abi=new --enable-gnu-unique-object --disable-vtable-verify --enable-plugin --enable-default-pie --with-system-zlib --enable-libphobos-checking=release --with-target-system-zlib=auto --enable-objc-gc=auto --enable-multiarch --disable-werror --enable-cet --with-arch-32=i686 --with-abi=m64 --with-multilib-list=m32,m64,mx32 --enable-multilib --with-tune=generic --enable-offload-targets=nvptx-none=/build/gcc-11-2Y5pKs/gcc-11-11.4.0/debian/tmp-nvptx/usr,amdgcn-amdhsa=/build/gcc-11-2Y5pKs/gcc-11-11.4.0/debian/tmp-gcn/usr --without-cuda-driver --enable-checking=release --build=x86_64-linux-gnu --host=x86_64-linux-gnu --target=x86_64-linux-gnu --with-build-config=bootstrap-lto-lean --enable-link-serialization=2
Thread model: posix
Supported LTO compression algorithms: zlib zstd
gcc version 11.4.0 (Ubuntu 11.4.0-1ubuntu1~22.04.2) 
COMPILER_PATH=/usr/lib/gcc/x86_64-linux-gnu/11/:/usr/lib/gcc/x86_64-linux-gnu/11/:/usr/lib/gcc/x86_64-linux-gnu/:/usr/lib/gcc/x86_64-linux-gnu/11/:/usr/lib/gcc/x86_64-linux-gnu/
LIBRARY_PATH=/usr/lib/gcc/x86_64-linux-gnu/11/:/usr/lib/gcc/x86_64-linux-gnu/11/../../../x86_64-linux-gnu/:/usr/lib/gcc/x86_64-linux-gnu/11/../../../../lib/:/lib/x86_64-linux-gnu/:/lib/../lib/:/usr/lib/x86_64-linux-gnu/:/usr/lib/../lib/:/usr/lib/gcc/x86_64-linux-gnu/11/../../../:/lib/:/usr/lib/
COLLECT_GCC_OPTIONS='-v' '-o' 'cmTC_1c69c' '-specs=/home/dev/uswitch/musl/lib/musl-gcc.specs' '-mtune=generic' '-march=x86-64' '-dumpdir' 'cmTC_1c69c.'
 /usr/lib/gcc/x86_64-linux-gnu/11/collect2 -plugin /usr/lib/gcc/x86_64-linux-gnu/11/liblto_plugin.so -plugin-opt=/usr/lib/gcc/x86_64-linux-gnu/11/lto-wrapper -plugin-opt=-fresolution=/tmp/ccStqcbU.res -plugin-opt=-pass-through=/usr/lib/gcc/x86_64-linux-gnu/11/libgcc.a -plugin-opt=-pass-through=/usr/lib/gcc/x86_64-linux-gnu/11/libgcc_eh.a -plugin-opt=-pass-through=-lc -plugin-opt=-pass-through=/usr/lib/gcc/x86_64-linux-gnu/11/libgcc.a -plugin-opt=-pass-through=/usr/lib/gcc/x86_64-linux-gnu/11/libgcc_eh.a -nostdlib -pie -z now -z relro -o cmTC_1c69c /home/dev/uswitch/musl/lib/Scrt1.o /home/dev/uswitch/musl/lib/crti.o /usr/lib/gcc/x86_64-linux-gnu/11/crtbeginS.o -L/home/dev/uswitch/musl/lib -L /usr/lib/gcc/x86_64-linux-gnu/11/. CMakeFiles/cmTC_1c69c.dir/CMakeCCompilerABI.c.o /usr/lib/gcc/x86_64-linux-gnu/11/libgcc.a /usr/lib/gcc/x86_64-linux-gnu/11/libgcc_eh.a -lc /usr/lib/gcc/x86_64-linux-gnu/11/libgcc.a /usr/lib/gcc/x86_64-linux-gnu/11/libgcc_eh.a /usr/lib/gcc/x86_64-linux-gnu/11/crtendS.o /home/dev/uswitch/musl/lib/crtn.o
COLLECT_GCC_OPTIONS='-v' '-o' 'cmTC_1c69c' '-specs=/home/dev/uswitch/musl/lib/musl-gcc.specs' '-mtune=generic' '-march=x86-64' '-dumpdir' 'cmTC_1c69c.'
gmake[1]: Leaving directory '/home/dev/uswitch/benchmark/bzip2/build/CMakeFiles/CMakeTmp'



Parsed C implicit include dir info from above output: rv=done
  found start of include info
  found start of implicit include info
    add: [/home/dev/uswitch/musl/include]
    add: [/usr/lib/gcc/x86_64-linux-gnu/11/include]
  end of search list found
  collapse include dir [/home/dev/uswitch/musl/include] ==> [/home/dev/uswitch/musl/include]
  collapse include dir [/usr/lib/gcc/x86_64-linux-gnu/11/include] ==> [/usr/lib/gcc/x86_64-linux-gnu/11/include]
  implicit include dirs: [/home/dev/uswitch/musl/include;/usr/lib/gcc/x86_64-linux-gnu/11/include]


Parsed C implicit link information from above output:
  link line regex: [^( *|.*[/\])(ld|CMAKE_LINK_STARTFILE-NOTFOUND|([^/\]+-)?ld|collect2)[^/\]*( |$)]
  ignore line: [Change Dir: /home/dev/uswitch/benchmark/bzip2/build/CMakeFiles/CMakeTmp]
  ignore line: []
  ignore line: [Run Build Command(s):/usr/bin/gmake -f Makefile cmTC_1c69c/fast && /usr/bin/gmake  -f CMakeFiles/cmTC_1c69c.dir/build.make CMakeFiles/cmTC_1c69c.dir/build]
  ignore line: [gmake[1]: Entering directory '/home/dev/uswitch/benchmark/bzip2/build/CMakeFiles/CMakeTmp']
  ignore line: [Building C object CMakeFiles/cmTC_1c69c.dir/CMakeCCompilerABI.c.o]
  ignore line: [/home/dev/uswitch/musl/bin/musl-gcc   -v -o CMakeFiles/cmTC_1c69c.dir/CMakeCCompilerABI.c.o -c /usr/share/cmake-3.22/Modules/CMakeCCompilerABI.c]
  ignore line: [Using built-in specs.]
  ignore line: [Reading specs from /home/dev/uswitch/musl/lib/musl-gcc.specs]
  ignore line: [rename spec cpp_options to old_cpp_options]
  ignore line: [COLLECT_GCC=gcc]
  ignore line: [OFFLOAD_TARGET_NAMES=nvptx-none:amdgcn-amdhsa]
  ignore line: [OFFLOAD_TARGET_DEFAULT=1]
  ignore line: [Target: x86_64-linux-gnu]
  ignore line: [Configured with: ../src/configure -v --with-pkgversion='Ubuntu 11.4.0-1ubuntu1~22.04.2' --with-bugurl=file:///usr/share/doc/gcc-11/README.Bugs --enable-languages=c ada c++ go brig d fortran objc obj-c++ m2 --prefix=/usr --with-gcc-major-version-only --program-suffix=-11 --program-prefix=x86_64-linux-gnu- --enable-shared --enable-linker-build-id --libexecdir=/usr/lib --without-included-gettext --enable-threads=posix --libdir=/usr/lib --enable-nls --enable-bootstrap --enable-clocale=gnu --enable-libstdcxx-debug --enable-libstdcxx-time=yes --with-default-libstdcxx-abi=new --enable-gnu-unique-object --disable-vtable-verify --enable-plugin --enable-default-pie --with-system-zlib --enable-libphobos-checking=release --with-target-system-zlib=auto --enable-objc-gc=auto --enable-multiarch --disable-werror --enable-cet --with-arch-32=i686 --with-abi=m64 --with-multilib-list=m32 m64 mx32 --enable-multilib --with-tune=generic --enable-offload-targets=nvptx-none=/build/gcc-11-2Y5pKs/gcc-11-11.4.0/debian/tmp-nvptx/usr amdgcn-amdhsa=/build/gcc-11-2Y5pKs/gcc-11-11.4.0/debian/tmp-gcn/usr --without-cuda-driver --enable-checking=release --build=x86_64-linux-gnu --host=x86_64-linux-gnu --target=x86_64-linux-gnu --with-build-config=bootstrap-lto-lean --enable-link-serialization=2]
  ignore line: [Thread model: posix]
  ignore line: [Supported LTO compression algorithms: zlib zstd]
  ignore line: [gcc version 11.4.0 (Ubuntu 11.4.0-1ubuntu1~22.04.2) ]
  ignore line: [COLLECT_GCC_OPTIONS='-v' '-o' 'CMakeFiles/cmTC_1c69c.dir/CMakeCCompilerABI.c.o' '-c' '-specs=/home/dev/uswitch/musl/lib/musl-gcc.specs' '-mtune=generic' '-march=x86-64' '-dumpdir' 'CMakeFiles/cmTC_1c69c.dir/']
  ignore line: [ /usr/lib/gcc/x86_64-linux-gnu/11/cc1 -quiet -v -imultiarch x86_64-linux-gnu /usr/share/cmake-3.22/Modules/CMakeCCompilerABI.c -nostdinc -isystem /home/dev/uswitch/musl/include -isystem /usr/lib/gcc/x86_64-linux-gnu/11/include -quiet -dumpdir CMakeFiles/cmTC_1c69c.dir/ -dumpbase CMakeCCompilerABI.c.c -dumpbase-ext .c -mtune=generic -march=x86-64 -version -fasynchronous-unwind-tables -fstack-protector-strong -Wformat -Wformat-security -fstack-clash-protection -fcf-protection -o /tmp/cczdseqt.s]
  ignore line: [GNU C17 (Ubuntu 11.4.0-1ubuntu1~22.04.2) version 11.4.0 (x86_64-linux-gnu)]
  ignore line: [	compiled by GNU C version 11.4.0  GMP version 6.2.1  MPFR version 4.1.0  MPC version 1.2.1  isl version isl-0.24-GMP]
  ignore line: []
  ignore line: [GGC heuristics: --param ggc-min-expand=100 --param ggc-min-heapsize=131072]
  ignore line: [#include "..." search starts here:]
  ignore line: [#include <...> search starts here:]
  ignore line: [ /home/dev/uswitch/musl/include]
  ignore line: [ /usr/lib/gcc/x86_64-linux-gnu/11/include]
  ignore line: [End of search list.]
  ignore line: [GNU C17 (Ubuntu 11.4.0-1ubuntu1~22.04.2) version 11.4.0 (x86_64-linux-gnu)]
  ignore line: [	compiled by GNU C version 11.4.0  GMP version 6.2.1  MPFR version 4.1.0  MPC version 1.2.1  isl version isl-0.24-GMP]
  ignore line: []
  ignore line: [GGC heuristics: --param ggc-min-expand=100 --param ggc-min-heapsize=131072]
  ignore line: [Compiler executable checksum: 4011c2103cba78949d7e02d0f0047a3d]
  ignore line: [COLLECT_GCC_OPTIONS='-v' '-o' 'CMakeFiles/cmTC_1c69c.dir/CMakeCCompilerABI.c.o' '-c' '-specs=/home/dev/uswitch/musl/lib/musl-gcc.specs' '-mtune=generic' '-march=x86-64' '-dumpdir' 'CMakeFiles/cmTC_1c69c.dir/']
  ignore line: [ as -v --64 -o CMakeFiles/cmTC_1c69c.dir/CMakeCCompilerABI.c.o /tmp/cczdseqt.s]
  ignore line: [GNU assembler version 2.38 (x86_64-linux-gnu) using BFD version (GNU Binutils for Ubuntu) 2.38]
  ignore line: [COMPILER_PATH=/usr/lib/gcc/x86_64-linux-gnu/11/:/usr/lib/gcc/x86_64-linux-gnu/11/:/usr/lib/gcc/x86_64-linux-gnu/:/usr/lib/gcc/x86_64-linux-gnu/11/:/usr/lib/gcc/x86_64-linux-gnu/]
  ignore line: [LIBRARY_PATH=/usr/lib/gcc/x86_64-linux-gnu/11/:/usr/lib/gcc/x86_64-linux-gnu/11/../../../x86_64-linux-gnu/:/usr/lib/gcc/x86_64-linux-gnu/11/../../../../lib/:/lib/x86_64-linux-gnu/:/lib/../lib/:/usr/lib/x86_64-linux-gnu/:/usr/lib/../lib/:/usr/lib/gcc/x86_64-linux-gnu/11/../../../:/lib/:/usr/lib/]
  ignore line: [COLLECT_GCC_OPTIONS='-v' '-o' 'CMakeFiles/cmTC_1c69c.dir/CMakeCCompilerABI.c.o' '-c' '-specs=/home/dev/uswitch/musl/lib/musl-gcc.specs' '-mtune=generic' '-march=x86-64' '-dumpdir' 'CMakeFiles/cmTC_1c69c.dir/CMakeCCompilerABI.c.']
  ignore line: [Linking C executable cmTC_1c69c]
  ignore line: [/usr/bin/cmake -E cmake_link_script CMakeFiles/cmTC_1c69c.dir/link.txt --verbose=1]
  ignore line: [/home/dev/uswitch/musl/bin/musl-gcc  -v CMakeFiles/cmTC_1c69c.dir/CMakeCCompilerABI.c.o -o cmTC_1c69c ]
  ignore line: [Using built-in specs.]
  ignore line: [Reading specs from /home/dev/uswitch/musl/lib/musl-gcc.specs]
  ignore line: [rename spec cpp_options to old_cpp_options]
  ignore line: [COLLECT_GCC=gcc]
  ignore line: [COLLECT_LTO_WRAPPER=/usr/lib/gcc/x86_64-linux-gnu/11/lto-wrapper]
  ignore line: [OFFLOAD_TARGET_NAMES=nvptx-none:amdgcn-amdhsa]
  ignore line: [OFFLOAD_TARGET_DEFAULT=1]
  ignore line: [Target: x86_64-linux-gnu]
  ignore line: [Configured with: ../src/configure -v --with-pkgversion='Ubuntu 11.4.0-1ubuntu1~22.04.2' --with-bugurl=file:///usr/share/doc/gcc-11/README.Bugs --enable-languages=c ada c++ go brig d fortran objc obj-c++ m2 --prefix=/usr --with-gcc-major-version-only --program-suffix=-11 --program-prefix=x86_64-linux-gnu- --enable-shared --enable-linker-build-id --libexecdir=/usr/lib --without-included-gettext --enable-threads=posix --libdir=/usr/lib --enable-nls --enable-bootstrap --enable-clocale=gnu --enable-libstdcxx-debug --enable-libstdcxx-time=yes --with-default-libstdcxx-abi=new --enable-gnu-unique-object --disable-vtable-verify --enable-plugin --enable-default-pie --with-system-zlib --enable-libphobos-checking=release --with-target-system-zlib=auto --enable-objc-gc=auto --enable-multiarch --disable-werror --enable-cet --with-arch-32=i686 --with-abi=m64 --with-multilib-list=m32 m64 mx32 --enable-multilib --with-tune=generic --enable-offload-targets=nvptx-none=/build/gcc-11-2Y5pKs/gcc-11-11.4.0/debian/tmp-nvptx/usr amdgcn-amdhsa=/build/gcc-11-2Y5pKs/gcc-11-11.4.0/debian/tmp-gcn/usr --without-cuda-driver --enable-checking=release --build=x86_64-linux-gnu --host=x86_64-linux-gnu --target=x86_64-linux-gnu --with-build-config=bootstrap-lto-lean --enable-link-serialization=2]
  ignore line: [Thread model: posix]
  ignore line: [Supported LTO compression algorithms: zlib zstd]
  ignore line: [gcc version 11.4.0 (Ubuntu 11.4.0-1ubuntu1~22.04.2) ]
  ignore line: [COMPILER_PATH=/usr/lib/gcc/x86_64-linux-gnu/11/:/usr/lib/gcc/x86_64-linux-gnu/11/:/usr/lib/gcc/x86_64-linux-gnu/:/usr/lib/gcc/x86_64-linux-gnu/11/:/usr/lib/gcc/x86_64-linux-gnu/]
  ignore line: [LIBRARY_PATH=/usr/lib/gcc/x86_64-linux-gnu/11/:/usr/lib/gcc/x86_64-linux-gnu/11/../../../x86_64-linux-gnu/:/usr/lib/gcc/x86_64-linux-gnu/11/../../../../lib/:/lib/x86_64-linux-gnu/:/lib/../lib/:/usr/lib/x86_64-linux-gnu/:/usr/lib/../lib/:/usr/lib/gcc/x86_64-linux-gnu/11/../../../:/lib/:/usr/lib/]
  ignore line: [COLLECT_GCC_OPTIONS='-v' '-o' 'cmTC_1c69c' '-specs=/home/dev/uswitch/musl/lib/musl-gcc.specs' '-mtune=generic' '-march=x86-64' '-dumpdir' 'cmTC_1c69c.']
  link line: [ /usr/lib/gcc/x86_64-linux-gnu/11/collect2 -plugin /usr/lib/gcc/x86_64-linux-gnu/11/liblto_plugin.so -plugin-opt=/usr/lib/gcc/x86_64-linux-gnu/11/lto-wrapper -plugin-opt=-fresolution=/tmp/ccStqcbU.res -plugin-opt=-pass-through=/usr/lib/gcc/x86_64-linux-gnu/11/libgcc.a -plugin-opt=-pass-through=/usr/lib/gcc/x86_64-linux-gnu/11/libgcc_eh.a -plugin-opt=-pass-through=-lc -plugin-opt=-pass-through=/usr/lib/gcc/x86_64-linux-gnu/11/libgcc.a -plugin-opt=-pass-through=/usr/lib/gcc/x86_64-linux-gnu/11/libgcc_eh.a -nostdlib -pie -z now -z relro -o cmTC_1c69c /home/dev/uswitch/musl/lib/Scrt1.o /home/dev/uswitch/musl/lib/crti.o /usr/lib/gcc/x86_64-linux-gnu/11/crtbeginS.o -L/home/dev/uswitch/musl/lib -L /usr/lib/gcc/x86_64-linux-gnu/11/. CMakeFiles/cmTC_1c69c.dir/CMakeCCompilerABI.c.o /usr/lib/gcc/x86_64-linux-gnu/11/libgcc.a /usr/lib/gcc/x86_64-linux-gnu/11/libgcc_eh.a -lc /usr/lib/gcc/x86_64-linux-gnu/11/libgcc.a /usr/lib/gcc/x86_64-linux-gnu/11/libgcc_eh.a /usr/lib/gcc/x86_64-linux-gnu/11/crtendS.o /home/dev/uswitch/musl/lib/crtn.o]
    arg [/usr/lib/gcc/x86_64-linux-gnu/11/collect2] ==> ignore
    arg [-plugin] ==> ignore
    arg [/usr/lib/gcc/x86_64-linux-gnu/11/liblto_plugin.so] ==> ignore
    arg [-plugin-opt=/usr/lib/gcc/x86_64-linux-gnu/11/lto-wrapper] ==> ignore
    arg [-plugin-opt=-fresolution=/tmp/ccStqcbU.res] ==> ignore
    arg [-plugin-opt=-pass-through=/usr/lib/gcc/x86_64-linux-gnu/11/libgcc.a] ==> ignore
    arg [-plugin-opt=-pass-through=/usr/lib/gcc/x86_64-linux-gnu/11/libgcc_eh.a] ==> ignore
    arg [-plugin-opt=-pass-through=-lc] ==> ignore
    arg [-plugin-opt=-pass-through=/usr/lib/gcc/x86_64-linux-gnu/11/libgcc.a] ==> ignore
    arg [-plugin-opt=-pass-through=/usr/lib/gcc/x86_64-linux-gnu/11/libgcc_eh.a] ==> ignore
    arg [-nostdlib] ==> ignore
    arg [-pie] ==> ignore
    arg [-znow] ==> ignore
    arg [-zrelro] ==> ignore
    arg [-o] ==> ignore
    arg [cmTC_1c69c] ==> ignore
    arg [/home/dev/uswitch/musl/lib/Scrt1.o] ==> obj [/home/dev/uswitch/musl/lib/Scrt1.o]
    arg [/home/dev/uswitch/musl/lib/crti.o] ==> obj [/home/dev/uswitch/musl/lib/crti.o]
    arg [/usr/lib/gcc/x86_64-linux-gnu/11/crtbeginS.o] ==> obj [/usr/lib/gcc/x86_64-linux-gnu/11/crtbeginS.o]
    arg [-L/home/dev/uswitch/musl/lib] ==> dir [/home/dev/uswitch/musl/lib]
    arg [-L/usr/lib/gcc/x86_64-linux-gnu/11/.] ==> dir [/usr/lib/gcc/x86_64-linux-gnu/11/.]
    arg [CMakeFiles/cmTC_1c69c.dir/CMakeCCompilerABI.c.o] ==> ignore
    arg [/usr/lib/gcc/x86_64-linux-gnu/11/libgcc.a] ==> lib [/usr/lib/gcc/x86_64-linux-gnu/11/libgcc.a]
    arg [/usr/lib/gcc/x86_64-linux-gnu/11/libgcc_eh.a] ==> lib [/usr/lib/gcc/x86_64-linux-gnu/11/libgcc_eh.a]
    arg [-lc] ==> lib [c]
    arg [/usr/lib/gcc/x86_64-linux-gnu/11/libgcc.a] ==> lib [/usr/lib/gcc/x86_64-linux-gnu/11/libgcc.a]
    arg [/usr/lib/gcc/x86_64-linux-gnu/11/libgcc_eh.a] ==> lib [/usr/lib/gcc/x86_64-linux-gnu/11/libgcc_eh.a]
    arg [/usr/lib/gcc/x86_64-linux-gnu/11/crtendS.o] ==> obj [/usr/lib/gcc/x86_64-linux-gnu/11/crtendS.o]
    arg [/home/dev/uswitch/musl/lib/crtn.o] ==> obj [/home/dev/uswitch/musl/lib/crtn.o]
  remove lib [/usr/lib/gcc/x86_64-linux-gnu/11/libgcc_eh.a]
  remove lib [/usr/lib/gcc/x86_64-linux-gnu/11/libgcc_eh.a]
  collapse library dir [/home/dev/uswitch/musl/lib] ==> [/home/dev/uswitch/musl/lib]
  collapse library dir [/usr/lib/gcc/x86_64-linux-gnu/11/.] ==> [/usr/lib/gcc/x86_64-linux-gnu/11]
  implicit libs: [/usr/lib/gcc/x86_64-linux-gnu/11/libgcc.a;c;/usr/lib/gcc/x86_64-linux-gnu/11/libgcc.a]
  implicit objs: [/home/dev/uswitch/musl/lib/Scrt1.o;/home/dev/uswitch/musl/lib/crti.o;/usr/lib/gcc/x86_64-linux-gnu/11/crtbeginS.o;/usr/lib/gcc/x86_64-linux-gnu/11/crtendS.o;/home/dev/uswitch/musl/lib/crtn.o]
  implicit dirs: [/home/dev/uswitch/musl/lib;/usr/lib/gcc/x86_64-linux-gnu/11]
  implicit fwks: []


Determining if the include file arpa/inet.h exists passed with the following output:
Change Dir: /home/dev/uswitch/benchmark/bzip2/build/CMakeFiles/CMakeTmp

Run Build Command(s):/usr/bin/gmake -f Makefile cmTC_bf187/fast && /usr/bin/gmake  -f CMakeFiles/cmTC_bf187.dir/build.make CMakeFiles/cmTC_bf187.dir/build
gmake[1]: Entering directory '/home/dev/uswitch/benchmark/bzip2/build/CMakeFiles/CMakeTmp'
Building C object CMakeFiles/cmTC_bf187.dir/CheckIncludeFile.c.o
/home/dev/uswitch/musl/bin/musl-gcc    -o CMakeFiles/cmTC_bf187.dir/CheckIncludeFile.c.o -c /home/dev/uswitch/benchmark/bzip2/build/CMakeFiles/CMakeTmp/CheckIncludeFile.c
Linking C executable cmTC_bf187
/usr/bin/cmake -E cmake_link_script CMakeFiles/cmTC_bf187.dir/link.txt --verbose=1
/home/dev/uswitch/musl/bin/musl-gcc CMakeFiles/cmTC_bf187.dir/CheckIncludeFile.c.o -o cmTC_bf187 
gmake[1]: Leaving directory '/home/dev/uswitch/benchmark/bzip2/build/CMakeFiles/CMakeTmp'



Determining if the include file fcntl.h exists passed with the following output:
Change Dir: /home/dev/uswitch/benchmark/bzip2/build/CMakeFiles/CMakeTmp

Run Build Command(s):/usr/bin/gmake -f Makefile cmTC_8577b/fast && /usr/bin/gmake  -f CMakeFiles/cmTC_8577b.dir/build.make CMakeFiles/cmTC_8577b.dir/build
gmake[1]: Entering directory '/home/dev/uswitch/benchmark/bzip2/build/CMakeFiles/CMakeTmp'
Building C object CMakeFiles/cmTC_8577b.dir/CheckIncludeFile.c.o
/home/dev/uswitch/musl/bin/musl-gcc    -o CMakeFiles/cmTC_8577b.dir/CheckIncludeFile.c.o -c /home/dev/uswitch/benchmark/bzip2/build/CMakeFiles/CMakeTmp/CheckIncludeFile.c
Linking C executable cmTC_8577b
/usr/bin/cmake -E cmake_link_script CMakeFiles/cmTC_8577b.dir/link.txt --verbose=1
/home/dev/uswitch/musl/bin/musl-gcc CMakeFiles/cmTC_8577b.dir/CheckIncludeFile.c.o -o cmTC_8577b 
gmake[1]: Leaving directory '/home/dev/uswitch/benchmark/bzip2/build/CMakeFiles/CMakeTmp'



Determining if the include file inttypes.h exists passed with the following output:
Change Dir: /home/dev/uswitch/benchmark/bzip2/build/CMakeFiles/CMakeTmp

Run Build Command(s):/usr/bin/gmake -f Makefile cmTC_8b7ed/fast && /usr/bin/gmake  -f CMakeFiles/cmTC_8b7ed.dir/build.make CMakeFiles/cmTC_8b7ed.dir/build
gmake[1]: Entering directory '/home/dev/uswitch/benchmark/bzip2/build/CMakeFiles/CMakeTmp'
Building C object CMakeFiles/cmTC_8b7ed.dir/CheckIncludeFile.c.o
/home/dev/uswitch/musl/bin/musl-gcc    -o CMakeFiles/cmTC_8b7ed.dir/CheckIncludeFile.c.o -c /home/dev/uswitch/benchmark/bzip2/build/CMakeFiles/CMakeTmp/CheckIncludeFile.c
Linking C executable cmTC_8b7ed
/usr/bin/cmake -E cmake_link_script CMakeFiles/cmTC_8b7ed.dir/link.txt --verbose=1
/home/dev/uswitch/musl/bin/musl-gcc CMakeFiles/cmTC_8b7ed.dir/CheckIncludeFile.c.o -o cmTC_8b7ed 
gmake[1]: Leaving directory '/home/dev/uswitch/benchmark/bzip2/build/CMakeFiles/CMakeTmp'



Determining if the include file limits.h exists passed with the following output:
Change Dir: /home/dev/uswitch/benchmark/bzip2/build/CMakeFiles/CMakeTmp

Run Build Command(s):/usr/bin/gmake -f Makefile cmTC_bf1e7/fast && /usr/bin/gmake  -f CMakeFiles/cmTC_bf1e7.dir/build.make CMakeFiles/cmTC_bf1e7.dir/build
gmake[1]: Entering directory '/home/dev/uswitch/benchmark/bzip2/build/CMakeFiles/CMakeTmp'
Building C object CMakeFiles/cmTC_bf1e7.dir/CheckIncludeFile.c.o
/home/dev/uswitch/musl/bin/musl-gcc    -o CMakeFiles/cmTC_bf1e7.dir/CheckIncludeFile.c.o -c /home/dev/uswitch/benchmark/bzip2/build/CMakeFiles/CMakeTmp/CheckIncludeFile.c
Linking C executable cmTC_bf1e7
/usr/bin/cmake -E cmake_link_script CMakeFiles/cmTC_bf1e7.dir/link.txt --verbose=1
/home/dev/uswitch/musl/bin/musl-gcc CMakeFiles/cmTC_bf1e7.dir/CheckIncludeFile.c.o -o cmTC_bf1e7 
gmake[1]: Leaving directory '/home/dev/uswitch/benchmark/bzip2/build/CMakeFiles/CMakeTmp'



Determining if the include file netdb.h exists passed with the following output:
Change Dir: /home/dev/uswitch/benchmark/bzip2/build/CMakeFiles/CMakeTmp

Run Build Command(s):/usr/bin/gmake -f Makefile cmTC_575d3/fast && /usr/bin/gmake  -f CMakeFiles/cmTC_575d3.dir/build.make CMakeFiles/cmTC_575d3.dir/build
gmake[1]: Entering directory '/home/dev/uswitch/benchmark/bzip2/build/CMakeFiles/CMakeTmp'
Building C object CMakeFiles/cmTC_575d3.dir/CheckIncludeFile.c.o
/home/dev/uswitch/musl/bin/musl-gcc    -o CMakeFiles/cmTC_575d3.dir/CheckIncludeFile.c.o -c /home/dev/uswitch/benchmark/bzip2/build/CMakeFiles/CMakeTmp/CheckIncludeFile.c
Linking C executable cmTC_575d3
/usr/bin/cmake -E cmake_link_script CMakeFiles/cmTC_575d3.dir/link.txt --verbose=1
/home/dev/uswitch/musl/bin/musl-gcc CMakeFiles/cmTC_575d3.dir/CheckIncludeFile.c.o -o cmTC_575d3 
gmake[1]: Leaving directory '/home/dev/uswitch/benchmark/bzip2/build/CMakeFiles/CMakeTmp'



Determining if the include file netinet/in.h exists passed with the following output:
Change Dir: /home/dev/uswitch/benchmark/bzip2/build/CMakeFiles/CMakeTmp

Run Build Command(s):/usr/bin/gmake -f Makefile cmTC_69799/fast && /usr/bin/gmake  -f CMakeFiles/cmTC_69799.dir/build.make CMakeFiles/cmTC_69799.dir/build
gmake[1]: Entering directory '/home/dev/uswitch/benchmark/bzip2/build/CMakeFiles/CMakeTmp'
Building C object CMakeFiles/cmTC_69799.dir/CheckIncludeFile.c.o
/home/dev/uswitch/musl/bin/musl-gcc    -o CMakeFiles/cmTC_69799.dir/CheckIncludeFile.c.o -c /home/dev/uswitch/benchmark/bzip2/build/CMakeFiles/CMakeTmp/CheckIncludeFile.c
Linking C executable cmTC_69799
/usr/bin/cmake -E cmake_link_script CMakeFiles/cmTC_69799.dir/link.txt --verbose=1
/home/dev/uswitch/musl/bin/musl-gcc CMakeFiles/cmTC_69799.dir/CheckIncludeFile.c.o -o cmTC_69799 
gmake[1]: Leaving directory '/home/dev/uswitch/benchmark/bzip2/build/CMakeFiles/CMakeTmp'



Determining if the include file pwd.h exists passed with the following output:
Change Dir: /home/dev/uswitch/benchmark/bzip2/build/CMakeFiles/CMakeTmp

Run Build Command(s):/usr/bin/gmake -f Makefile cmTC_f3174/fast && /usr/bin/gmake  -f CMakeFiles/cmTC_f3174.dir/build.make CMakeFiles/cmTC_f3174.dir/build
gmake[1]: Entering directory '/home/dev/uswitch/benchmark/bzip2/build/CMakeFiles/CMakeTmp'
Building C object CMakeFiles/cmTC_f3174.dir/CheckIncludeFile.c.o
/home/dev/uswitch/musl/bin/musl-gcc    -o CMakeFiles/cmTC_f3174.dir/CheckIncludeFile.c.o -c /home/dev/uswitch/benchmark/bzip2/build/CMakeFiles/CMakeTmp/CheckIncludeFile.c
Linking C executable cmTC_f3174
/usr/bin/cmake -E cmake_link_script CMakeFiles/cmTC_f3174.dir/link.txt --verbose=1
/home/dev/uswitch/musl/bin/musl-gcc CMakeFiles/cmTC_f3174.dir/CheckIncludeFile.c.o -o cmTC_f3174 
gmake[1]: Leaving directory '/home/dev/uswitch/benchmark/bzip2/build/CMakeFiles/CMakeTmp'



Determining if the include file sys/socket.h exists passed with the following output:
Change Dir: /home/dev/uswitch/benchmark/bzip2/build/CMakeFiles/CMakeTmp

Run Build Command(s):/usr/bin/gmake -f Makefile cmTC_8bc0a/fast && /usr/bin/gmake  -f CMakeFiles/cmTC_8bc0a.dir/build.make CMakeFiles/cmTC_8bc0a.dir/build
gmake[1]: Entering directory '/home/dev/uswitch/benchmark/bzip2/build/CMakeFiles/CMakeTmp'
Building C object CMakeFiles/cmTC_8bc0a.dir/CheckIncludeFile.c.o
/home/dev/uswitch/musl/bin/musl-gcc    -o CMakeFiles/cmTC_8bc0a.dir/CheckIncludeFile.c.o -c /home/dev/uswitch/benchmark/bzip2/build/CMakeFiles/CMakeTmp/CheckIncludeFile.c
Linking C executable cmTC_8bc0a
/usr/bin/cmake -E cmake_link_script CMakeFiles/cmTC_8bc0a.dir/link.txt --verbose=1
/home/dev/uswitch/musl/bin/musl-gcc CMakeFiles/cmTC_8bc0a.dir/CheckIncludeFile.c.o -o cmTC_8bc0a 
gmake[1]: Leaving directory '/home/dev/uswitch/benchmark/bzip2/build/CMakeFiles/CMakeTmp'



Determining if the include file sys/time.h exists passed with the following output:
Change Dir: /home/dev/uswitch/benchmark/bzip2/build/CMakeFiles/CMakeTmp

Run Build Command(s):/usr/bin/gmake -f Makefile cmTC_d4f1a/fast && /usr/bin/gmake  -f CMakeFiles/cmTC_d4f1a.dir/build.make CMakeFiles/cmTC_d4f1a.dir/build
gmake[1]: Entering directory '/home/dev/uswitch/benchmark/bzip2/build/CMakeFiles/CMakeTmp'
Building C object CMakeFiles/cmTC_d4f1a.dir/CheckIncludeFile.c.o
/home/dev/uswitch/musl/bin/musl-gcc    -o CMakeFiles/cmTC_d4f1a.dir/CheckIncludeFile.c.o -c /home/dev/uswitch/benchmark/bzip2/build/CMakeFiles/CMakeTmp/CheckIncludeFile.c
Linking C executable cmTC_d4f1a
/usr/bin/cmake -E cmake_link_script CMakeFiles/cmTC_d4f1a.dir/link.txt --verbose=1
/home/dev/uswitch/musl/bin/musl-gcc CMakeFiles/cmTC_d4f1a.dir/CheckIncludeFile.c.o -o cmTC_d4f1a 
gmake[1]: Leaving directory '/home/dev/uswitch/benchmark/bzip2/build/CMakeFiles/CMakeTmp'



Determining if the include file syslog.h exists passed with the following output:
Change Dir: /home/dev/uswitch/benchmark/bzip2/build/CMakeFiles/CMakeTmp

Run Build Command(s):/usr/bin/gmake -f Makefile cmTC_aa62c/fast && /usr/bin/gmake  -f CMakeFiles/cmTC_aa62c.dir/build.make CMakeFiles/cmTC_aa62c.dir/build
gmake[1]: Entering directory '/home/dev/uswitch/benchmark/bzip2/build/CMakeFiles/CMakeTmp'
Building C object CMakeFiles/cmTC_aa62c.dir/CheckIncludeFile.c.o
/home/dev/uswitch/musl/bin/musl-gcc    -o CMakeFiles/cmTC_aa62c.dir/CheckIncludeFile.c.o -c /home/dev/uswitch/benchmark/bzip2/build/CMakeFiles/CMakeTmp/CheckIncludeFile.c
Linking C executable cmTC_aa62c
/usr/bin/cmake -E cmake_link_script CMakeFiles/cmTC_aa62c.dir/link.txt --verbose=1
/home/dev/uswitch/musl/bin/musl-gcc CMakeFiles/cmTC_aa62c.dir/CheckIncludeFile.c.o -o cmTC_aa62c 
gmake[1]: Leaving directory '/home/dev/uswitch/benchmark/bzip2/build/CMakeFiles/CMakeTmp'



Determining if the include file time.h exists passed with the following output:
Change Dir: /home/dev/uswitch/benchmark/bzip2/build/CMakeFiles/CMakeTmp

Run Build Command(s):/usr/bin/gmake -f Makefile cmTC_3a967/fast && /usr/bin/gmake  -f CMakeFiles/cmTC_3a967.dir/build.make CMakeFiles/cmTC_3a967.dir/build
gmake[1]: Entering directory '/home/dev/uswitch/benchmark/bzip2/build/CMakeFiles/CMakeTmp'
Building C object CMakeFiles/cmTC_3a967.dir/CheckIncludeFile.c.o
/home/dev/uswitch/musl/bin/musl-gcc    -o CMakeFiles/cmTC_3a967.dir/CheckIncludeFile.c.o -c /home/dev/uswitch/benchmark/bzip2/build/CMakeFiles/CMakeTmp/CheckIncludeFile.c
Linking C executable cmTC_3a967
/usr/bin/cmake -E cmake_link_script CMakeFiles/cmTC_3a967.dir/link.txt --verbose=1
/home/dev/uswitch/musl/bin/musl-gcc CMakeFiles/cmTC_3a967.dir/CheckIncludeFile.c.o -o cmTC_3a967 
gmake[1]: Leaving directory '/home/dev/uswitch/benchmark/bzip2/build/CMakeFiles/CMakeTmp'



Determining if the include file unistd.h exists passed with the following output:
Change Dir: /home/dev/uswitch/benchmark/bzip2/build/CMakeFiles/CMakeTmp

Run Build Command(s):/usr/bin/gmake -f Makefile cmTC_35560/fast && /usr/bin/gmake  -f CMakeFiles/cmTC_35560.dir/build.make CMakeFiles/cmTC_35560.dir/build
gmake[1]: Entering directory '/home/dev/uswitch/benchmark/bzip2/build/CMakeFiles/CMakeTmp'
Building C object CMakeFiles/cmTC_35560.dir/CheckIncludeFile.c.o
/home/dev/uswitch/musl/bin/musl-gcc    -o CMakeFiles/cmTC_35560.dir/CheckIncludeFile.c.o -c /home/dev/uswitch/benchmark/bzip2/build/CMakeFiles/CMakeTmp/CheckIncludeFile.c
Linking C executable cmTC_35560
/usr/bin/cmake -E cmake_link_script CMakeFiles/cmTC_35560.dir/link.txt --verbose=1
/home/dev/uswitch/musl/bin/musl-gcc CMakeFiles/cmTC_35560.dir/CheckIncludeFile.c.o -o cmTC_35560 
gmake[1]: Leaving directory '/home/dev/uswitch/benchmark/bzip2/build/CMakeFiles/CMakeTmp'



Determining if the include file sys/types.h exists passed with the following output:
Change Dir: /home/dev/uswitch/benchmark/bzip2/build/CMakeFiles/CMakeTmp

Run Build Command(s):/usr/bin/gmake -f Makefile cmTC_d7c04/fast && /usr/bin/gmake  -f CMakeFiles/cmTC_d7c04.dir/build.make CMakeFiles/cmTC_d7c04.dir/build
gmake[1]: Entering directory '/home/dev/uswitch/benchmark/bzip2/build/CMakeFiles/CMakeTmp'
Building C object CMakeFiles/cmTC_d7c04.dir/CheckIncludeFile.c.o
/home/dev/uswitch/musl/bin/musl-gcc    -o CMakeFiles/cmTC_d7c04.dir/CheckIncludeFile.c.o -c /home/dev/uswitch/benchmark/bzip2/build/CMakeFiles/CMakeTmp/CheckIncludeFile.c
Linking C executable cmTC_d7c04
/usr/bin/cmake -E cmake_link_script CMakeFiles/cmTC_d7c04.dir/link.txt --verbose=1
/home/dev/uswitch/musl/bin/musl-gcc CMakeFiles/cmTC_d7c04.dir/CheckIncludeFile.c.o -o cmTC_d7c04 
gmake[1]: Leaving directory '/home/dev/uswitch/benchmark/bzip2/build/CMakeFiles/CMakeTmp'



Determining if the include file stdint.h exists passed with the following output:
Change Dir: /home/dev/uswitch/benchmark/bzip2/build/CMakeFiles/CMakeTmp

Run Build Command(s):/usr/bin/gmake -f Makefile cmTC_6f140/fast && /usr/bin/gmake  -f CMakeFiles/cmTC_6f140.dir/build.make CMakeFiles/cmTC_6f140.dir/build
gmake[1]: Entering directory '/home/dev/uswitch/benchmark/bzip2/build/CMakeFiles/CMakeTmp'
Building C object CMakeFiles/cmTC_6f140.dir/CheckIncludeFile.c.o
/home/dev/uswitch/musl/bin/musl-gcc    -o CMakeFiles/cmTC_6f140.dir/CheckIncludeFile.c.o -c /home/dev/uswitch/benchmark/bzip2/build/CMakeFiles/CMakeTmp/CheckIncludeFile.c
Linking C executable cmTC_6f140
/usr/bin/cmake -E cmake_link_script CMakeFiles/cmTC_6f140.dir/link.txt --verbose=1
/home/dev/uswitch/musl/bin/musl-gcc CMakeFiles/cmTC_6f140.dir/CheckIncludeFile.c.o -o cmTC_6f140 
gmake[1]: Leaving directory '/home/dev/uswitch/benchmark/bzip2/build/CMakeFiles/CMakeTmp'



Determining if the include file stddef.h exists passed with the following output:
Change Dir: /home/dev/uswitch/benchmark/bzip2/build/CMakeFiles/CMakeTmp

Run Build Command(s):/usr/bin/gmake -f Makefile cmTC_74fb8/fast && /usr/bin/gmake  -f CMakeFiles/cmTC_74fb8.dir/build.make CMakeFiles/cmTC_74fb8.dir/build
gmake[1]: Entering directory '/home/dev/uswitch/benchmark/bzip2/build/CMakeFiles/CMakeTmp'
Building C object CMakeFiles/cmTC_74fb8.dir/CheckIncludeFile.c.o
/home/dev/uswitch/musl/bin/musl-gcc    -o CMakeFiles/cmTC_74fb8.dir/CheckIncludeFile.c.o -c /home/dev/uswitch/benchmark/bzip2/build/CMakeFiles/CMakeTmp/CheckIncludeFile.c
Linking C executable cmTC_74fb8
/usr/bin/cmake -E cmake_link_script CMakeFiles/cmTC_74fb8.dir/link.txt --verbose=1
/home/dev/uswitch/musl/bin/musl-gcc CMakeFiles/cmTC_74fb8.dir/CheckIncludeFile.c.o -o cmTC_74fb8 
gmake[1]: Leaving directory '/home/dev/uswitch/benchmark/bzip2/build/CMakeFiles/CMakeTmp'



Determining size of ssize_t passed with the following output:
Change Dir: /home/dev/uswitch/benchmark/bzip2/build/CMakeFiles/CMakeTmp

Run Build Command(s):/usr/bin/gmake -f Makefile cmTC_11e97/fast && /usr/bin/gmake  -f CMakeFiles/cmTC_11e97.dir/build.make CMakeFiles/cmTC_11e97.dir/build
gmake[1]: Entering directory '/home/dev/uswitch/benchmark/bzip2/build/CMakeFiles/CMakeTmp'
Building C object CMakeFiles/cmTC_11e97.dir/SIZEOF_SSIZE_T.c.o
/home/dev/uswitch/musl/bin/musl-gcc    -o CMakeFiles/cmTC_11e97.dir/SIZEOF_SSIZE_T.c.o -c /home/dev/uswitch/benchmark/bzip2/build/CMakeFiles/CheckTypeSize/SIZEOF_SSIZE_T.c
Linking C executable cmTC_11e97
/usr/bin/cmake -E cmake_link_script CMakeFiles/cmTC_11e97.dir/link.txt --verbose=1
/home/dev/uswitch/musl/bin/musl-gcc CMakeFiles/cmTC_11e97.dir/SIZEOF_SSIZE_T.c.o -o cmTC_11e97 
gmake[1]: Leaving directory '/home/dev/uswitch/benchmark/bzip2/build/CMakeFiles/CMakeTmp'



Performing C SOURCE FILE Test HAVE_STRUCT_TM_TM_GMTOFF succeeded with the following output:
Change Dir: /home/dev/uswitch/benchmark/bzip2/build/CMakeFiles/CMakeTmp

Run Build Command(s):/usr/bin/gmake -f Makefile cmTC_c545f/fast && /usr/bin/gmake  -f CMakeFiles/cmTC_c545f.dir/build.make CMakeFiles/cmTC_c545f.dir/build
gmake[1]: Entering directory '/home/dev/uswitch/benchmark/bzip2/build/CMakeFiles/CMakeTmp'
Building C object CMakeFiles/cmTC_c545f.dir/src.c.o
/home/dev/uswitch/musl/bin/musl-gcc -DHAVE_STRUCT_TM_TM_GMTOFF   -o CMakeFiles/cmTC_c545f.dir/src.c.o -c /home/dev/uswitch/benchmark/bzip2/build/CMakeFiles/CMakeTmp/src.c
Linking C executable cmTC_c545f
/usr/bin/cmake -E cmake_link_script CMakeFiles/cmTC_c545f.dir/link.txt --verbose=1
/home/dev/uswitch/musl/bin/musl-gcc CMakeFiles/cmTC_c545f.dir/src.c.o -o cmTC_c545f 
gmake[1]: Leaving directory '/home/dev/uswitch/benchmark/bzip2/build/CMakeFiles/CMakeTmp'


Source file was:

#include <time.h>

int main()
{
  (void)sizeof(((struct tm *)0)->tm_gmtoff);
  return 0;
}

Determining if the function _Exit exists passed with the following output:
Change Dir: /home/dev/uswitch/benchmark/bzip2/build/CMakeFiles/CMakeTmp

Run Build Command(s):/usr/bin/gmake -f Makefile cmTC_24972/fast && /usr/bin/gmake  -f CMakeFiles/cmTC_24972.dir/build.make CMakeFiles/cmTC_24972.dir/build
gmake[1]: Entering directory '/home/dev/uswitch/benchmark/bzip2/build/CMakeFiles/CMakeTmp'
Building C object CMakeFiles/cmTC_24972.dir/CheckFunctionExists.c.o
/home/dev/uswitch/musl/bin/musl-gcc   -DCHECK_FUNCTION_EXISTS=_Exit -o CMakeFiles/cmTC_24972.dir/CheckFunctionExists.c.o -c /usr/share/cmake-3.22/Modules/CheckFunctionExists.c
<command-line>: warning: conflicting types for built-in function ‘_Exit’; expected ‘void(int)’ [-Wbuiltin-declaration-mismatch]
/usr/share/cmake-3.22/Modules/CheckFunctionExists.c:7:3: note: in expansion of macro ‘CHECK_FUNCTION_EXISTS’
    7 |   CHECK_FUNCTION_EXISTS(void);
      |   ^~~~~~~~~~~~~~~~~~~~~
/usr/share/cmake-3.22/Modules/CheckFunctionExists.c:1:1: note: ‘_Exit’ is declared in header ‘<stdlib.h>’
  +++ |+#include <stdlib.h>
    1 | #ifdef CHECK_FUNCTION_EXISTS
Linking C executable cmTC_24972
/usr/bin/cmake -E cmake_link_script CMakeFiles/cmTC_24972.dir/link.txt --verbose=1
/home/dev/uswitch/musl/bin/musl-gcc  -DCHECK_FUNCTION_EXISTS=_Exit CMakeFiles/cmTC_24972.dir/CheckFunctionExists.c.o -o cmTC_24972 
gmake[1]: Leaving directory '/home/dev/uswitch/benchmark/bzip2/build/CMakeFiles/CMakeTmp'



Determining if the function accept4 exists passed with the following output:
Change Dir: /home/dev/uswitch/benchmark/bzip2/build/CMakeFiles/CMakeTmp

Run Build Command(s):/usr/bin/gmake -f Makefile cmTC_2ba95/fast && /usr/bin/gmake  -f CMakeFiles/cmTC_2ba95.dir/build.make CMakeFiles/cmTC_2ba95.dir/build
gmake[1]: Entering directory '/home/dev/uswitch/benchmark/bzip2/build/CMakeFiles/CMakeTmp'
Building C object CMakeFiles/cmTC_2ba95.dir/CheckFunctionExists.c.o
/home/dev/uswitch/musl/bin/musl-gcc   -DCHECK_FUNCTION_EXISTS=accept4 -o CMakeFiles/cmTC_2ba95.dir/CheckFunctionExists.c.o -c /usr/share/cmake-3.22/Modules/CheckFunctionExists.c
Linking C executable cmTC_2ba95
/usr/bin/cmake -E cmake_link_script CMakeFiles/cmTC_2ba95.dir/link.txt --verbose=1
/home/dev/uswitch/musl/bin/musl-gcc  -DCHECK_FUNCTION_EXISTS=accept4 CMakeFiles/cmTC_2ba95.dir/CheckFunctionExists.c.o -o cmTC_2ba95 
gmake[1]: Leaving directory '/home/dev/uswitch/benchmark/bzip2/build/CMakeFiles/CMakeTmp'



Determining if the function mkostemp exists passed with the following output:
Change Dir: /home/dev/uswitch/benchmark/bzip2/build/CMakeFiles/CMakeTmp

Run Build Command(s):/usr/bin/gmake -f Makefile cmTC_0a447/fast && /usr/bin/gmake  -f CMakeFiles/cmTC_0a447.dir/build.make CMakeFiles/cmTC_0a447.dir/build
gmake[1]: Entering directory '/home/dev/uswitch/benchmark/bzip2/build/CMakeFiles/CMakeTmp'
Building C object CMakeFiles/cmTC_0a447.dir/CheckFunctionExists.c.o
/home/dev/uswitch/musl/bin/musl-gcc   -DCHECK_FUNCTION_EXISTS=mkostemp -o CMakeFiles/cmTC_0a447.dir/CheckFunctionExists.c.o -c /usr/share/cmake-3.22/Modules/CheckFunctionExists.c
Linking C executable cmTC_0a447
/usr/bin/cmake -E cmake_link_script CMakeFiles/cmTC_0a447.dir/link.txt --verbose=1
/home/dev/uswitch/musl/bin/musl-gcc  -DCHECK_FUNCTION_EXISTS=mkostemp CMakeFiles/cmTC_0a447.dir/CheckFunctionExists.c.o -o cmTC_0a447 
gmake[1]: Leaving directory '/home/dev/uswitch/benchmark/bzip2/build/CMakeFiles/CMakeTmp'



Determining if the initgroups exist passed with the following output:
Change Dir: /home/dev/uswitch/benchmark/bzip2/build/CMakeFiles/CMakeTmp

Run Build Command(s):/usr/bin/gmake -f Makefile cmTC_6e572/fast && /usr/bin/gmake  -f CMakeFiles/cmTC_6e572.dir/build.make CMakeFiles/cmTC_6e572.dir/build
gmake[1]: Entering directory '/home/dev/uswitch/benchmark/bzip2/build/CMakeFiles/CMakeTmp'
Building C object CMakeFiles/cmTC_6e572.dir/CheckSymbolExists.c.o
/home/dev/uswitch/musl/bin/musl-gcc    -o CMakeFiles/cmTC_6e572.dir/CheckSymbolExists.c.o -c /home/dev/uswitch/benchmark/bzip2/build/CMakeFiles/CMakeTmp/CheckSymbolExists.c
Linking C executable cmTC_6e572
/usr/bin/cmake -E cmake_link_script CMakeFiles/cmTC_6e572.dir/link.txt --verbose=1
/home/dev/uswitch/musl/bin/musl-gcc CMakeFiles/cmTC_6e572.dir/CheckSymbolExists.c.o -o cmTC_6e572 
gmake[1]: Leaving directory '/home/dev/uswitch/benchmark/bzip2/build/CMakeFiles/CMakeTmp'


File /home/dev/uswitch/benchmark/bzip2/build/CMakeFiles/CMakeTmp/CheckSymbolExists.c:
/* */
#include <grp.h>

int main(int argc, char** argv)
{
  (void)argv;
#ifndef initgroups
  return ((int*)(&initgroups))[argc];
#else
  (void)argc;
  return 0;
#endif
}
Performing C SOURCE FILE Test C_FLAG__Wall succeeded with the following output:
Change Dir: /home/dev/uswitch/benchmark/bzip2/build/CMakeFiles/CMakeTmp

Run Build Command(s):/usr/bin/gmake -f Makefile cmTC_7c353/fast && /usr/bin/gmake  -f CMakeFiles/cmTC_7c353.dir/build.make CMakeFiles/cmTC_7c353.dir/build
gmake[1]: Entering directory '/home/dev/uswitch/benchmark/bzip2/build/CMakeFiles/CMakeTmp'
Building C object CMakeFiles/cmTC_7c353.dir/src.c.o
/home/dev/uswitch/musl/bin/musl-gcc -DC_FLAG__Wall  -Wall -o CMakeFiles/cmTC_7c353.dir/src.c.o -c /home/dev/uswitch/benchmark/bzip2/build/CMakeFiles/CMakeTmp/src.c
Linking C executable cmTC_7c353
/usr/bin/cmake -E cmake_link_script CMakeFiles/cmTC_7c353.dir/link.txt --verbose=1
/home/dev/uswitch/musl/bin/musl-gcc CMakeFiles/cmTC_7c353.dir/src.c.o -o cmTC_7c353 
gmake[1]: Leaving directory '/home/dev/uswitch/benchmark/bzip2/build/CMakeFiles/CMakeTmp'


Source file was:
int main(void) { return 0; }
Performing C SOURCE FILE Test C_FLAG__Wextra succeeded with the following output:
Change Dir: /home/dev/uswitch/benchmark/bzip2/build/CMakeFiles/CMakeTmp

Run Build Command(s):/usr/bin/gmake -f Makefile cmTC_b1271/fast && /usr/bin/gmake  -f CMakeFiles/cmTC_b1271.dir/build.make CMakeFiles/cmTC_b1271.dir/build
gmake[1]: Entering directory '/home/dev/uswitch/benchmark/bzip2/build/CMakeFiles/CMakeTmp'
Building C object CMakeFiles/cmTC_b1271.dir/src.c.o
/home/dev/uswitch/musl/bin/musl-gcc -DC_FLAG__Wextra  -Wextra -o CMakeFiles/cmTC_b1271.dir/src.c.o -c /home/dev/uswitch/benchmark/bzip2/build/CMakeFiles/CMakeTmp/src.c
Linking C executable cmTC_b1271
/usr/bin/cmake -E cmake_link_script CMakeFiles/cmTC_b1271.dir/link.txt --verbose=1
/home/dev/uswitch/musl/bin/musl-gcc CMakeFiles/cmTC_b1271.dir/src.c.o -o cmTC_b1271 
gmake[1]: Leaving directory '/home/dev/uswitch/benchmark/bzip2/build/CMakeFiles/CMakeTmp'


Source file was:
int main(void) { return 0; }
Performing C SOURCE FILE Test C_FLAG__Wmissing_prototypes succeeded with the following output:
Change Dir: /home/dev/uswitch/benchmark/bzip2/build/CMakeFiles/CMakeTmp

Run Build Command(s):/usr/bin/gmake -f Makefile cmTC_64223/fast && /usr/bin/gmake  -f CMakeFiles/cmTC_64223.dir/build.make CMakeFiles/cmTC_64223.dir/build
gmake[1]: Entering directory '/home/dev/uswitch/benchmark/bzip2/build/CMakeFiles/CMakeTmp'
Building C object CMakeFiles/cmTC_64223.dir/src.c.o
/home/dev/uswitch/musl/bin/musl-gcc -DC_FLAG__Wmissing_prototypes  -Wmissing-prototypes -o CMakeFiles/cmTC_64223.dir/src.c.o -c /home/dev/uswitch/benchmark/bzip2/build/CMakeFiles/CMakeTmp/src.c
Linking C executable cmTC_64223
/usr/bin/cmake -E cmake_link_script CMakeFiles/cmTC_64223.dir/link.txt --verbose=1
/home/dev/uswitch/musl/bin/musl-gcc CMakeFiles/cmTC_64223.dir/src.c.o -o cmTC_64223 
gmake[1]: Leaving directory '/home/dev/uswitch/benchmark/bzip2/build/CMakeFiles/CMakeTmp'


Source file was:
int main(void) { return 0; }
Performing C SOURCE FILE Test C_FLAG__Wstrict_prototypes succeeded with the following output:
Change Dir: /home/dev/uswitch/benchmark/bzip2/build/CMakeFiles/CMakeTmp

Run Build Command(s):/usr/bin/gmake -f Makefile cmTC_5aaf9/fast && /usr/bin/gmake  -f CMakeFiles/cmTC_5aaf9.dir/build.make CMakeFiles/cmTC_5aaf9.dir/build
gmake[1]: Entering directory '/home/dev/uswitch/benchmark/bzip2/build/CMakeFiles/CMakeTmp'
Building C object CMakeFiles/cmTC_5aaf9.dir/src.c.o
/home/dev/uswitch/musl/bin/musl-gcc -DC_FLAG__Wstrict_prototypes  -Wstrict-prototypes -o CMakeFiles/cmTC_5aaf9.dir/src.c.o -c /home/dev/uswitch/benchmark/bzip2/build/CMakeFiles/CMakeTmp/src.c
Linking C executable cmTC_5aaf9
/usr/bin/cmake -E cmake_link_script CMakeFiles/cmTC_5aaf9.dir/link.txt --verbose=1
/home/dev/uswitch/musl/bin/musl-gcc CMakeFiles/cmTC_5aaf9.dir/src.c.o -o cmTC_5aaf9 
gmake[1]: Leaving directory '/home/dev/uswitch/benchmark/bzip2/build/CMakeFiles/CMakeTmp'


Source file was:
int main(void) { return 0; }
Performing C SOURCE FILE Test C_FLAG__Wmissing_declarations succeeded with the following output:
Change Dir: /home/dev/uswitch/benchmark/bzip2/build/CMakeFiles/CMakeTmp

Run Build Command(s):/usr/bin/gmake -f Makefile cmTC_87435/fast && /usr/bin/gmake  -f CMakeFiles/cmTC_87435.dir/build.make CMakeFiles/cmTC_87435.dir/build
gmake[1]: Entering directory '/home/dev/uswitch/benchmark/bzip2/build/CMakeFiles/CMakeTmp'
Building C object CMakeFiles/cmTC_87435.dir/src.c.o
/home/dev/uswitch/musl/bin/musl-gcc -DC_FLAG__Wmissing_declarations  -Wmissing-declarations -o CMakeFiles/cmTC_87435.dir/src.c.o -c /home/dev/uswitch/benchmark/bzip2/build/CMakeFiles/CMakeTmp/src.c
Linking C executable cmTC_87435
/usr/bin/cmake -E cmake_link_script CMakeFiles/cmTC_87435.dir/link.txt --verbose=1
/home/dev/uswitch/musl/bin/musl-gcc CMakeFiles/cmTC_87435.dir/src.c.o -o cmTC_87435 
gmake[1]: Leaving directory '/home/dev/uswitch/benchmark/bzip2/build/CMakeFiles/CMakeTmp'


Source file was:
int main(void) { return 0; }
Performing C SOURCE FILE Test C_FLAG__Wpointer_arith succeeded with the following output:
Change Dir: /home/dev/uswitch/benchmark/bzip2/build/CMakeFiles/CMakeTmp

Run Build Command(s):/usr/bin/gmake -f Makefile cmTC_dc039/fast && /usr/bin/gmake  -f CMakeFiles/cmTC_dc039.dir/build.make CMakeFiles/cmTC_dc039.dir/build
gmake[1]: Entering directory '/home/dev/uswitch/benchmark/bzip2/build/CMakeFiles/CMakeTmp'
Building C object CMakeFiles/cmTC_dc039.dir/src.c.o
/home/dev/uswitch/musl/bin/musl-gcc -DC_FLAG__Wpointer_arith  -Wpointer-arith -o CMakeFiles/cmTC_dc039.dir/src.c.o -c /home/dev/uswitch/benchmark/bzip2/build/CMakeFiles/CMakeTmp/src.c
Linking C executable cmTC_dc039
/usr/bin/cmake -E cmake_link_script CMakeFiles/cmTC_dc039.dir/link.txt --verbose=1
/home/dev/uswitch/musl/bin/musl-gcc CMakeFiles/cmTC_dc039.dir/src.c.o -o cmTC_dc039 
gmake[1]: Leaving directory '/home/dev/uswitch/benchmark/bzip2/build/CMakeFiles/CMakeTmp'


Source file was:
int main(void) { return 0; }
Performing C SOURCE FILE Test C_FLAG__Wdeclaration_after_statement succeeded with the following output:
Change Dir: /home/dev/uswitch/benchmark/bzip2/build/CMakeFiles/CMakeTmp

Run Build Command(s):/usr/bin/gmake -f Makefile cmTC_4863b/fast && /usr/bin/gmake  -f CMakeFiles/cmTC_4863b.dir/build.make CMakeFiles/cmTC_4863b.dir/build
gmake[1]: Entering directory '/home/dev/uswitch/benchmark/bzip2/build/CMakeFiles/CMakeTmp'
Building C object CMakeFiles/cmTC_4863b.dir/src.c.o
/home/dev/uswitch/musl/bin/musl-gcc -DC_FLAG__Wdeclaration_after_statement  -Wdeclaration-after-statement -o CMakeFiles/cmTC_4863b.dir/src.c.o -c /home/dev/uswitch/benchmark/bzip2/build/CMakeFiles/CMakeTmp/src.c
Linking C executable cmTC_4863b
/usr/bin/cmake -E cmake_link_script CMakeFiles/cmTC_4863b.dir/link.txt --verbose=1
/home/dev/uswitch/musl/bin/musl-gcc CMakeFiles/cmTC_4863b.dir/src.c.o -o cmTC_4863b 
gmake[1]: Leaving directory '/home/dev/uswitch/benchmark/bzip2/build/CMakeFiles/CMakeTmp'


Source file was:
int main(void) { return 0; }
Performing C SOURCE FILE Test C_FLAG__Wformat_security succeeded with the following output:
Change Dir: /home/dev/uswitch/benchmark/bzip2/build/CMakeFiles/CMakeTmp

Run Build Command(s):/usr/bin/gmake -f Makefile cmTC_60210/fast && /usr/bin/gmake  -f CMakeFiles/cmTC_60210.dir/build.make CMakeFiles/cmTC_60210.dir/build
gmake[1]: Entering directory '/home/dev/uswitch/benchmark/bzip2/build/CMakeFiles/CMakeTmp'
Building C object CMakeFiles/cmTC_60210.dir/src.c.o
/home/dev/uswitch/musl/bin/musl-gcc -DC_FLAG__Wformat_security  -Wformat-security -o CMakeFiles/cmTC_60210.dir/src.c.o -c /home/dev/uswitch/benchmark/bzip2/build/CMakeFiles/CMakeTmp/src.c
Linking C executable cmTC_60210
/usr/bin/cmake -E cmake_link_script CMakeFiles/cmTC_60210.dir/link.txt --verbose=1
/home/dev/uswitch/musl/bin/musl-gcc CMakeFiles/cmTC_60210.dir/src.c.o -o cmTC_60210 
gmake[1]: Leaving directory '/home/dev/uswitch/benchmark/bzip2/build/CMakeFiles/CMakeTmp'


Source file was:
int main(void) { return 0; }
Performing C SOURCE FILE Test C_FLAG__Wwrite_strings succeeded with the following output:
Change Dir: /home/dev/uswitch/benchmark/bzip2/build/CMakeFiles/CMakeTmp

Run Build Command(s):/usr/bin/gmake -f Makefile cmTC_7c7be/fast && /usr/bin/gmake  -f CMakeFiles/cmTC_7c7be.dir/build.make CMakeFiles/cmTC_7c7be.dir/build
gmake[1]: Entering directory '/home/dev/uswitch/benchmark/bzip2/build/CMakeFiles/CMakeTmp'
Building C object CMakeFiles/cmTC_7c7be.dir/src.c.o
/home/dev/uswitch/musl/bin/musl-gcc -DC_FLAG__Wwrite_strings  -Wwrite-strings -o CMakeFiles/cmTC_7c7be.dir/src.c.o -c /home/dev/uswitch/benchmark/bzip2/build/CMakeFiles/CMakeTmp/src.c
Linking C executable cmTC_7c7be
/usr/bin/cmake -E cmake_link_script CMakeFiles/cmTC_7c7be.dir/link.txt --verbose=1
/home/dev/uswitch/musl/bin/musl-gcc CMakeFiles/cmTC_7c7be.dir/src.c.o -o cmTC_7c7be 
gmake[1]: Leaving directory '/home/dev/uswitch/benchmark/bzip2/build/CMakeFiles/CMakeTmp'


Source file was:
int main(void) { return 0; }
Performing C SOURCE FILE Test C_FLAG__Wshadow succeeded with the following output:
Change Dir: /home/dev/uswitch/benchmark/bzip2/build/CMakeFiles/CMakeTmp

Run Build Command(s):/usr/bin/gmake -f Makefile cmTC_796c0/fast && /usr/bin/gmake  -f CMakeFiles/cmTC_796c0.dir/build.make CMakeFiles/cmTC_796c0.dir/build
gmake[1]: Entering directory '/home/dev/uswitch/benchmark/bzip2/build/CMakeFiles/CMakeTmp'
Building C object CMakeFiles/cmTC_796c0.dir/src.c.o
/home/dev/uswitch/musl/bin/musl-gcc -DC_FLAG__Wshadow  -Wshadow -o CMakeFiles/cmTC_796c0.dir/src.c.o -c /home/dev/uswitch/benchmark/bzip2/build/CMakeFiles/CMakeTmp/src.c
Linking C executable cmTC_796c0
/usr/bin/cmake -E cmake_link_script CMakeFiles/cmTC_796c0.dir/link.txt --verbose=1
/home/dev/uswitch/musl/bin/musl-gcc CMakeFiles/cmTC_796c0.dir/src.c.o -o cmTC_796c0 
gmake[1]: Leaving directory '/home/dev/uswitch/benchmark/bzip2/build/CMakeFiles/CMakeTmp'


Source file was:
int main(void) { return 0; }
Performing C SOURCE FILE Test C_FLAG__Winline succeeded with the following output:
Change Dir: /home/dev/uswitch/benchmark/bzip2/build/CMakeFiles/CMakeTmp

Run Build Command(s):/usr/bin/gmake -f Makefile cmTC_788d4/fast && /usr/bin/gmake  -f CMakeFiles/cmTC_788d4.dir/build.make CMakeFiles/cmTC_788d4.dir/build
gmake[1]: Entering directory '/home/dev/uswitch/benchmark/bzip2/build/CMakeFiles/CMakeTmp'
Building C object CMakeFiles/cmTC_788d4.dir/src.c.o
/home/dev/uswitch/musl/bin/musl-gcc -DC_FLAG__Winline  -Winline -o CMakeFiles/cmTC_788d4.dir/src.c.o -c /home/dev/uswitch/benchmark/bzip2/build/CMakeFiles/CMakeTmp/src.c
Linking C executable cmTC_788d4
/usr/bin/cmake -E cmake_link_script CMakeFiles/cmTC_788d4.dir/link.txt --verbose=1
/home/dev/uswitch/musl/bin/musl-gcc CMakeFiles/cmTC_788d4.dir/src.c.o -o cmTC_788d4 
gmake[1]: Leaving directory '/home/dev/uswitch/benchmark/bzip2/build/CMakeFiles/CMakeTmp'


Source file was:
int main(void) { return 0; }
Performing C SOURCE FILE Test C_FLAG__Wnested_externs succeeded with the following output:
Change Dir: /home/dev/uswitch/benchmark/bzip2/build/CMakeFiles/CMakeTmp

Run Build Command(s):/usr/bin/gmake -f Makefile cmTC_ec192/fast && /usr/bin/gmake  -f CMakeFiles/cmTC_ec192.dir/build.make CMakeFiles/cmTC_ec192.dir/build
gmake[1]: Entering directory '/home/dev/uswitch/benchmark/bzip2/build/CMakeFiles/CMakeTmp'
Building C object CMakeFiles/cmTC_ec192.dir/src.c.o
/home/dev/uswitch/musl/bin/musl-gcc -DC_FLAG__Wnested_externs  -Wnested-externs -o CMakeFiles/cmTC_ec192.dir/src.c.o -c /home/dev/uswitch/benchmark/bzip2/build/CMakeFiles/CMakeTmp/src.c
Linking C executable cmTC_ec192
/usr/bin/cmake -E cmake_link_script CMakeFiles/cmTC_ec192.dir/link.txt --verbose=1
/home/dev/uswitch/musl/bin/musl-gcc CMakeFiles/cmTC_ec192.dir/src.c.o -o cmTC_ec192 
gmake[1]: Leaving directory '/home/dev/uswitch/benchmark/bzip2/build/CMakeFiles/CMakeTmp'


Source file was:
int main(void) { return 0; }
Performing C SOURCE FILE Test C_FLAG__Wfloat_equal succeeded with the following output:
Change Dir: /home/dev/uswitch/benchmark/bzip2/build/CMakeFiles/CMakeTmp

Run Build Command(s):/usr/bin/gmake -f Makefile cmTC_5be03/fast && /usr/bin/gmake  -f CMakeFiles/cmTC_5be03.dir/build.make CMakeFiles/cmTC_5be03.dir/build
gmake[1]: Entering directory '/home/dev/uswitch/benchmark/bzip2/build/CMakeFiles/CMakeTmp'
Building C object CMakeFiles/cmTC_5be03.dir/src.c.o
/home/dev/uswitch/musl/bin/musl-gcc -DC_FLAG__Wfloat_equal  -Wfloat-equal -o CMakeFiles/cmTC_5be03.dir/src.c.o -c /home/dev/uswitch/benchmark/bzip2/build/CMakeFiles/CMakeTmp/src.c
Linking C executable cmTC_5be03
/usr/bin/cmake -E cmake_link_script CMakeFiles/cmTC_5be03.dir/link.txt --verbose=1
/home/dev/uswitch/musl/bin/musl-gcc CMakeFiles/cmTC_5be03.dir/src.c.o -o cmTC_5be03 
gmake[1]: Leaving directory '/home/dev/uswitch/benchmark/bzip2/build/CMakeFiles/CMakeTmp'


Source file was:
int main(void) { return 0; }
Performing C SOURCE FILE Test C_FLAG__Wundef succeeded with the following output:
Change Dir: /home/dev/uswitch/benchmark/bzip2/build/CMakeFiles/CMakeTmp

Run Build Command(s):/usr/bin/gmake -f Makefile cmTC_02cd3/fast && /usr/bin/gmake  -f CMakeFiles/cmTC_02cd3.dir/build.make CMakeFiles/cmTC_02cd3.dir/build
gmake[1]: Entering directory '/home/dev/uswitch/benchmark/bzip2/build/CMakeFiles/CMakeTmp'
Building C object CMakeFiles/cmTC_02cd3.dir/src.c.o
/home/dev/uswitch/musl/bin/musl-gcc -DC_FLAG__Wundef  -Wundef -o CMakeFiles/cmTC_02cd3.dir/src.c.o -c /home/dev/uswitch/benchmark/bzip2/build/CMakeFiles/CMakeTmp/src.c
Linking C executable cmTC_02cd3
/usr/bin/cmake -E cmake_link_script CMakeFiles/cmTC_02cd3.dir/link.txt --verbose=1
/home/dev/uswitch/musl/bin/musl-gcc CMakeFiles/cmTC_02cd3.dir/src.c.o -o cmTC_02cd3 
gmake[1]: Leaving directory '/home/dev/uswitch/benchmark/bzip2/build/CMakeFiles/CMakeTmp'


Source file was:
int main(void) { return 0; }
Performing C SOURCE FILE Test C_FLAG__Wendif_labels succeeded with the following output:
Change Dir: /home/dev/uswitch/benchmark/bzip2/build/CMakeFiles/CMakeTmp

Run Build Command(s):/usr/bin/gmake -f Makefile cmTC_1c497/fast && /usr/bin/gmake  -f CMakeFiles/cmTC_1c497.dir/build.make CMakeFiles/cmTC_1c497.dir/build
gmake[1]: Entering directory '/home/dev/uswitch/benchmark/bzip2/build/CMakeFiles/CMakeTmp'
Building C object CMakeFiles/cmTC_1c497.dir/src.c.o
/home/dev/uswitch/musl/bin/musl-gcc -DC_FLAG__Wendif_labels  -Wendif-labels -o CMakeFiles/cmTC_1c497.dir/src.c.o -c /home/dev/uswitch/benchmark/bzip2/build/CMakeFiles/CMakeTmp/src.c
Linking C executable cmTC_1c497
/usr/bin/cmake -E cmake_link_script CMakeFiles/cmTC_1c497.dir/link.txt --verbose=1
/home/dev/uswitch/musl/bin/musl-gcc CMakeFiles/cmTC_1c497.dir/src.c.o -o cmTC_1c497 
gmake[1]: Leaving directory '/home/dev/uswitch/benchmark/bzip2/build/CMakeFiles/CMakeTmp'


Source file was:
int main(void) { return 0; }
Performing C SOURCE FILE Test C_FLAG__Wempty_body succeeded with the following output:
Change Dir: /home/dev/uswitch/benchmark/bzip2/build/CMakeFiles/CMakeTmp

Run Build Command(s):/usr/bin/gmake -f Makefile cmTC_bcf88/fast && /usr/bin/gmake  -f CMakeFiles/cmTC_bcf88.dir/build.make CMakeFiles/cmTC_bcf88.dir/build
gmake[1]: Entering directory '/home/dev/uswitch/benchmark/bzip2/build/CMakeFiles/CMakeTmp'
Building C object CMakeFiles/cmTC_bcf88.dir/src.c.o
/home/dev/uswitch/musl/bin/musl-gcc -DC_FLAG__Wempty_body  -Wempty-body -o CMakeFiles/cmTC_bcf88.dir/src.c.o -c /home/dev/uswitch/benchmark/bzip2/build/CMakeFiles/CMakeTmp/src.c
Linking C executable cmTC_bcf88
/usr/bin/cmake -E cmake_link_script CMakeFiles/cmTC_bcf88.dir/link.txt --verbose=1
/home/dev/uswitch/musl/bin/musl-gcc CMakeFiles/cmTC_bcf88.dir/src.c.o -o cmTC_bcf88 
gmake[1]: Leaving directory '/home/dev/uswitch/benchmark/bzip2/build/CMakeFiles/CMakeTmp'


Source file was:
int main(void) { return 0; }
Performing C SOURCE FILE Test C_FLAG__Wcast_align succeeded with the following output:
Change Dir: /home/dev/uswitch/benchmark/bzip2/build/CMakeFiles/CMakeTmp

Run Build Command(s):/usr/bin/gmake -f Makefile cmTC_00350/fast && /usr/bin/gmake  -f CMakeFiles/cmTC_00350.dir/build.make CMakeFiles/cmTC_00350.dir/build
gmake[1]: Entering directory '/home/dev/uswitch/benchmark/bzip2/build/CMakeFiles/CMakeTmp'
Building C object CMakeFiles/cmTC_00350.dir/src.c.o
/home/dev/uswitch/musl/bin/musl-gcc -DC_FLAG__Wcast_align  -Wcast-align -o CMakeFiles/cmTC_00350.dir/src.c.o -c /home/dev/uswitch/benchmark/bzip2/build/CMakeFiles/CMakeTmp/src.c
Linking C executable cmTC_00350
/usr/bin/cmake -E cmake_link_script CMakeFiles/cmTC_00350.dir/link.txt --verbose=1
/home/dev/uswitch/musl/bin/musl-gcc CMakeFiles/cmTC_00350.dir/src.c.o -o cmTC_00350 
gmake[1]: Leaving directory '/home/dev/uswitch/benchmark/bzip2/build/CMakeFiles/CMakeTmp'


Source file was:
int main(void) { return 0; }
Performing C SOURCE FILE Test C_FLAG__Wclobbered succeeded with the following output:
Change Dir: /home/dev/uswitch/benchmark/bzip2/build/CMakeFiles/CMakeTmp

Run Build Command(s):/usr/bin/gmake -f Makefile cmTC_2ecc7/fast && /usr/bin/gmake  -f CMakeFiles/cmTC_2ecc7.dir/build.make CMakeFiles/cmTC_2ecc7.dir/build
gmake[1]: Entering directory '/home/dev/uswitch/benchmark/bzip2/build/CMakeFiles/CMakeTmp'
Building C object CMakeFiles/cmTC_2ecc7.dir/src.c.o
/home/dev/uswitch/musl/bin/musl-gcc -DC_FLAG__Wclobbered  -Wclobbered -o CMakeFiles/cmTC_2ecc7.dir/src.c.o -c /home/dev/uswitch/benchmark/bzip2/build/CMakeFiles/CMakeTmp/src.c
Linking C executable cmTC_2ecc7
/usr/bin/cmake -E cmake_link_script CMakeFiles/cmTC_2ecc7.dir/link.txt --verbose=1
/home/dev/uswitch/musl/bin/musl-gcc CMakeFiles/cmTC_2ecc7.dir/src.c.o -o cmTC_2ecc7 
gmake[1]: Leaving directory '/home/dev/uswitch/benchmark/bzip2/build/CMakeFiles/CMakeTmp'


Source file was:
int main(void) { return 0; }
Performing C SOURCE FILE Test C_FLAG__Wvla succeeded with the following output:
Change Dir: /home/dev/uswitch/benchmark/bzip2/build/CMakeFiles/CMakeTmp

Run Build Command(s):/usr/bin/gmake -f Makefile cmTC_aa73b/fast && /usr/bin/gmake  -f CMakeFiles/cmTC_aa73b.dir/build.make CMakeFiles/cmTC_aa73b.dir/build
gmake[1]: Entering directory '/home/dev/uswitch/benchmark/bzip2/build/CMakeFiles/CMakeTmp'
Building C object CMakeFiles/cmTC_aa73b.dir/src.c.o
/home/dev/uswitch/musl/bin/musl-gcc -DC_FLAG__Wvla  -Wvla -o CMakeFiles/cmTC_aa73b.dir/src.c.o -c /home/dev/uswitch/benchmark/bzip2/build/CMakeFiles/CMakeTmp/src.c
Linking C executable cmTC_aa73b
/usr/bin/cmake -E cmake_link_script CMakeFiles/cmTC_aa73b.dir/link.txt --verbose=1
/home/dev/uswitch/musl/bin/musl-gcc CMakeFiles/cmTC_aa73b.dir/src.c.o -o cmTC_aa73b 
gmake[1]: Leaving directory '/home/dev/uswitch/benchmark/bzip2/build/CMakeFiles/CMakeTmp'


Source file was:
int main(void) { return 0; }
Performing C SOURCE FILE Test C_FLAG__Wpragmas succeeded with the following output:
Change Dir: /home/dev/uswitch/benchmark/bzip2/build/CMakeFiles/CMakeTmp

Run Build Command(s):/usr/bin/gmake -f Makefile cmTC_b54ad/fast && /usr/bin/gmake  -f CMakeFiles/cmTC_b54ad.dir/build.make CMakeFiles/cmTC_b54ad.dir/build
gmake[1]: Entering directory '/home/dev/uswitch/benchmark/bzip2/build/CMakeFiles/CMakeTmp'
Building C object CMakeFiles/cmTC_b54ad.dir/src.c.o
/home/dev/uswitch/musl/bin/musl-gcc -DC_FLAG__Wpragmas  -Wpragmas -o CMakeFiles/cmTC_b54ad.dir/src.c.o -c /home/dev/uswitch/benchmark/bzip2/build/CMakeFiles/CMakeTmp/src.c
Linking C executable cmTC_b54ad
/usr/bin/cmake -E cmake_link_script CMakeFiles/cmTC_b54ad.dir/link.txt --verbose=1
/home/dev/uswitch/musl/bin/musl-gcc CMakeFiles/cmTC_b54ad.dir/src.c.o -o cmTC_b54ad 
gmake[1]: Leaving directory '/home/dev/uswitch/benchmark/bzip2/build/CMakeFiles/CMakeTmp'


Source file was:
int main(void) { return 0; }
Performing C SOURCE FILE Test C_FLAG__Wunreachable_code succeeded with the following output:
Change Dir: /home/dev/uswitch/benchmark/bzip2/build/CMakeFiles/CMakeTmp

Run Build Command(s):/usr/bin/gmake -f Makefile cmTC_be533/fast && /usr/bin/gmake  -f CMakeFiles/cmTC_be533.dir/build.make CMakeFiles/cmTC_be533.dir/build
gmake[1]: Entering directory '/home/dev/uswitch/benchmark/bzip2/build/CMakeFiles/CMakeTmp'
Building C object CMakeFiles/cmTC_be533.dir/src.c.o
/home/dev/uswitch/musl/bin/musl-gcc -DC_FLAG__Wunreachable_code  -Wunreachable-code -o CMakeFiles/cmTC_be533.dir/src.c.o -c /home/dev/uswitch/benchmark/bzip2/build/CMakeFiles/CMakeTmp/src.c
Linking C executable cmTC_be533
/usr/bin/cmake -E cmake_link_script CMakeFiles/cmTC_be533.dir/link.txt --verbose=1
/home/dev/uswitch/musl/bin/musl-gcc CMakeFiles/cmTC_be533.dir/src.c.o -o cmTC_be533 
gmake[1]: Leaving directory '/home/dev/uswitch/benchmark/bzip2/build/CMakeFiles/CMakeTmp'


Source file was:
int main(void) { return 0; }
Performing C SOURCE FILE Test C_FLAG__Waddress succeeded with the following output:
Change Dir: /home/dev/uswitch/benchmark/bzip2/build/CMakeFiles/CMakeTmp

Run Build Command(s):/usr/bin/gmake -f Makefile cmTC_32194/fast && /usr/bin/gmake  -f CMakeFiles/cmTC_32194.dir/build.make CMakeFiles/cmTC_32194.dir/build
gmake[1]: Entering directory '/home/dev/uswitch/benchmark/bzip2/build/CMakeFiles/CMakeTmp'
Building C object CMakeFiles/cmTC_32194.dir/src.c.o
/home/dev/uswitch/musl/bin/musl-gcc -DC_FLAG__Waddress  -Waddress -o CMakeFiles/cmTC_32194.dir/src.c.o -c /home/dev/uswitch/benchmark/bzip2/build/CMakeFiles/CMakeTmp/src.c
Linking C executable cmTC_32194
/usr/bin/cmake -E cmake_link_script CMakeFiles/cmTC_32194.dir/link.txt --verbose=1
/home/dev/uswitch/musl/bin/musl-gcc CMakeFiles/cmTC_32194.dir/src.c.o -o cmTC_32194 
gmake[1]: Leaving directory '/home/dev/uswitch/benchmark/bzip2/build/CMakeFiles/CMakeTmp'


Source file was:
int main(void) { return 0; }
Performing C SOURCE FILE Test C_FLAG__Wattributes succeeded with the following output:
Change Dir: /home/dev/uswitch/benchmark/bzip2/build/CMakeFiles/CMakeTmp

Run Build Command(s):/usr/bin/gmake -f Makefile cmTC_226fa/fast && /usr/bin/gmake  -f CMakeFiles/cmTC_226fa.dir/build.make CMakeFiles/cmTC_226fa.dir/build
gmake[1]: Entering directory '/home/dev/uswitch/benchmark/bzip2/build/CMakeFiles/CMakeTmp'
Building C object CMakeFiles/cmTC_226fa.dir/src.c.o
/home/dev/uswitch/musl/bin/musl-gcc -DC_FLAG__Wattributes  -Wattributes -o CMakeFiles/cmTC_226fa.dir/src.c.o -c /home/dev/uswitch/benchmark/bzip2/build/CMakeFiles/CMakeTmp/src.c
Linking C executable cmTC_226fa
/usr/bin/cmake -E cmake_link_script CMakeFiles/cmTC_226fa.dir/link.txt --verbose=1
/home/dev/uswitch/musl/bin/musl-gcc CMakeFiles/cmTC_226fa.dir/src.c.o -o cmTC_226fa 
gmake[1]: Leaving directory '/home/dev/uswitch/benchmark/bzip2/build/CMakeFiles/CMakeTmp'


Source file was:
int main(void) { return 0; }
Performing C SOURCE FILE Test C_FLAG__Wdiv_by_zero succeeded with the following output:
Change Dir: /home/dev/uswitch/benchmark/bzip2/build/CMakeFiles/CMakeTmp

Run Build Command(s):/usr/bin/gmake -f Makefile cmTC_17cf8/fast && /usr/bin/gmake  -f CMakeFiles/cmTC_17cf8.dir/build.make CMakeFiles/cmTC_17cf8.dir/build
gmake[1]: Entering directory '/home/dev/uswitch/benchmark/bzip2/build/CMakeFiles/CMakeTmp'
Building C object CMakeFiles/cmTC_17cf8.dir/src.c.o
/home/dev/uswitch/musl/bin/musl-gcc -DC_FLAG__Wdiv_by_zero  -Wdiv-by-zero -o CMakeFiles/cmTC_17cf8.dir/src.c.o -c /home/dev/uswitch/benchmark/bzip2/build/CMakeFiles/CMakeTmp/src.c
Linking C executable cmTC_17cf8
/usr/bin/cmake -E cmake_link_script CMakeFiles/cmTC_17cf8.dir/link.txt --verbose=1
/home/dev/uswitch/musl/bin/musl-gcc CMakeFiles/cmTC_17cf8.dir/src.c.o -o cmTC_17cf8 
gmake[1]: Leaving directory '/home/dev/uswitch/benchmark/bzip2/build/CMakeFiles/CMakeTmp'


Source file was:
int main(void) { return 0; }
Performing C SOURCE FILE Test C_FLAG__Wconversion succeeded with the following output:
Change Dir: /home/dev/uswitch/benchmark/bzip2/build/CMakeFiles/CMakeTmp

Run Build Command(s):/usr/bin/gmake -f Makefile cmTC_195f0/fast && /usr/bin/gmake  -f CMakeFiles/cmTC_195f0.dir/build.make CMakeFiles/cmTC_195f0.dir/build
gmake[1]: Entering directory '/home/dev/uswitch/benchmark/bzip2/build/CMakeFiles/CMakeTmp'
Building C object CMakeFiles/cmTC_195f0.dir/src.c.o
/home/dev/uswitch/musl/bin/musl-gcc -DC_FLAG__Wconversion  -Wconversion -o CMakeFiles/cmTC_195f0.dir/src.c.o -c /home/dev/uswitch/benchmark/bzip2/build/CMakeFiles/CMakeTmp/src.c
Linking C executable cmTC_195f0
/usr/bin/cmake -E cmake_link_script CMakeFiles/cmTC_195f0.dir/link.txt --verbose=1
/home/dev/uswitch/musl/bin/musl-gcc CMakeFiles/cmTC_195f0.dir/src.c.o -o cmTC_195f0 
gmake[1]: Leaving directory '/home/dev/uswitch/benchmark/bzip2/build/CMakeFiles/CMakeTmp'


Source file was:
int main(void) { return 0; }
Performing C SOURCE FILE Test C_FLAG__Wformat_nonliteral succeeded with the following output:
Change Dir: /home/dev/uswitch/benchmark/bzip2/build/CMakeFiles/CMakeTmp

Run Build Command(s):/usr/bin/gmake -f Makefile cmTC_5b90e/fast && /usr/bin/gmake  -f CMakeFiles/cmTC_5b90e.dir/build.make CMakeFiles/cmTC_5b90e.dir/build
gmake[1]: Entering directory '/home/dev/uswitch/benchmark/bzip2/build/CMakeFiles/CMakeTmp'
Building C object CMakeFiles/cmTC_5b90e.dir/src.c.o
/home/dev/uswitch/musl/bin/musl-gcc -DC_FLAG__Wformat_nonliteral  -Wformat-nonliteral -o CMakeFiles/cmTC_5b90e.dir/src.c.o -c /home/dev/uswitch/benchmark/bzip2/build/CMakeFiles/CMakeTmp/src.c
Linking C executable cmTC_5b90e
/usr/bin/cmake -E cmake_link_script CMakeFiles/cmTC_5b90e.dir/link.txt --verbose=1
/home/dev/uswitch/musl/bin/musl-gcc CMakeFiles/cmTC_5b90e.dir/src.c.o -o cmTC_5b90e 
gmake[1]: Leaving directory '/home/dev/uswitch/benchmark/bzip2/build/CMakeFiles/CMakeTmp'


Source file was:
int main(void) { return 0; }
Performing C SOURCE FILE Test C_FLAG__Wmissing_field_initializers succeeded with the following output:
Change Dir: /home/dev/uswitch/benchmark/bzip2/build/CMakeFiles/CMakeTmp

Run Build Command(s):/usr/bin/gmake -f Makefile cmTC_486cd/fast && /usr/bin/gmake  -f CMakeFiles/cmTC_486cd.dir/build.make CMakeFiles/cmTC_486cd.dir/build
gmake[1]: Entering directory '/home/dev/uswitch/benchmark/bzip2/build/CMakeFiles/CMakeTmp'
Building C object CMakeFiles/cmTC_486cd.dir/src.c.o
/home/dev/uswitch/musl/bin/musl-gcc -DC_FLAG__Wmissing_field_initializers  -Wmissing-field-initializers -o CMakeFiles/cmTC_486cd.dir/src.c.o -c /home/dev/uswitch/benchmark/bzip2/build/CMakeFiles/CMakeTmp/src.c
Linking C executable cmTC_486cd
/usr/bin/cmake -E cmake_link_script CMakeFiles/cmTC_486cd.dir/link.txt --verbose=1
/home/dev/uswitch/musl/bin/musl-gcc CMakeFiles/cmTC_486cd.dir/src.c.o -o cmTC_486cd 
gmake[1]: Leaving directory '/home/dev/uswitch/benchmark/bzip2/build/CMakeFiles/CMakeTmp'


Source file was:
int main(void) { return 0; }
Performing C SOURCE FILE Test C_FLAG__Wmissing_noreturn succeeded with the following output:
Change Dir: /home/dev/uswitch/benchmark/bzip2/build/CMakeFiles/CMakeTmp

Run Build Command(s):/usr/bin/gmake -f Makefile cmTC_e23de/fast && /usr/bin/gmake  -f CMakeFiles/cmTC_e23de.dir/build.make CMakeFiles/cmTC_e23de.dir/build
gmake[1]: Entering directory '/home/dev/uswitch/benchmark/bzip2/build/CMakeFiles/CMakeTmp'
Building C object CMakeFiles/cmTC_e23de.dir/src.c.o
/home/dev/uswitch/musl/bin/musl-gcc -DC_FLAG__Wmissing_noreturn  -Wmissing-noreturn -o CMakeFiles/cmTC_e23de.dir/src.c.o -c /home/dev/uswitch/benchmark/bzip2/build/CMakeFiles/CMakeTmp/src.c
Linking C executable cmTC_e23de
/usr/bin/cmake -E cmake_link_script CMakeFiles/cmTC_e23de.dir/link.txt --verbose=1
/home/dev/uswitch/musl/bin/musl-gcc CMakeFiles/cmTC_e23de.dir/src.c.o -o cmTC_e23de 
gmake[1]: Leaving directory '/home/dev/uswitch/benchmark/bzip2/build/CMakeFiles/CMakeTmp'


Source file was:
int main(void) { return 0; }
Performing C SOURCE FILE Test C_FLAG__Wsign_conversion succeeded with the following output:
Change Dir: /home/dev/uswitch/benchmark/bzip2/build/CMakeFiles/CMakeTmp

Run Build Command(s):/usr/bin/gmake -f Makefile cmTC_3281f/fast && /usr/bin/gmake  -f CMakeFiles/cmTC_3281f.dir/build.make CMakeFiles/cmTC_3281f.dir/build
gmake[1]: Entering directory '/home/dev/uswitch/benchmark/bzip2/build/CMakeFiles/CMakeTmp'
Building C object CMakeFiles/cmTC_3281f.dir/src.c.o
/home/dev/uswitch/musl/bin/musl-gcc -DC_FLAG__Wsign_conversion  -Wsign-conversion -o CMakeFiles/cmTC_3281f.dir/src.c.o -c /home/dev/uswitch/benchmark/bzip2/build/CMakeFiles/CMakeTmp/src.c
Linking C executable cmTC_3281f
/usr/bin/cmake -E cmake_link_script CMakeFiles/cmTC_3281f.dir/link.txt --verbose=1
/home/dev/uswitch/musl/bin/musl-gcc CMakeFiles/cmTC_3281f.dir/src.c.o -o cmTC_3281f 
gmake[1]: Leaving directory '/home/dev/uswitch/benchmark/bzip2/build/CMakeFiles/CMakeTmp'


Source file was:
int main(void) { return 0; }
Performing C SOURCE FILE Test C_FLAG__Wunused_macros succeeded with the following output:
Change Dir: /home/dev/uswitch/benchmark/bzip2/build/CMakeFiles/CMakeTmp

Run Build Command(s):/usr/bin/gmake -f Makefile cmTC_7dcb7/fast && /usr/bin/gmake  -f CMakeFiles/cmTC_7dcb7.dir/build.make CMakeFiles/cmTC_7dcb7.dir/build
gmake[1]: Entering directory '/home/dev/uswitch/benchmark/bzip2/build/CMakeFiles/CMakeTmp'
Building C object CMakeFiles/cmTC_7dcb7.dir/src.c.o
/home/dev/uswitch/musl/bin/musl-gcc -DC_FLAG__Wunused_macros  -Wunused-macros -o CMakeFiles/cmTC_7dcb7.dir/src.c.o -c /home/dev/uswitch/benchmark/bzip2/build/CMakeFiles/CMakeTmp/src.c
Linking C executable cmTC_7dcb7
/usr/bin/cmake -E cmake_link_script CMakeFiles/cmTC_7dcb7.dir/link.txt --verbose=1
/home/dev/uswitch/musl/bin/musl-gcc CMakeFiles/cmTC_7dcb7.dir/src.c.o -o cmTC_7dcb7 
gmake[1]: Leaving directory '/home/dev/uswitch/benchmark/bzip2/build/CMakeFiles/CMakeTmp'


Source file was:
int main(void) { return 0; }
Performing C SOURCE FILE Test C_FLAG__Wunused_parameter succeeded with the following output:
Change Dir: /home/dev/uswitch/benchmark/bzip2/build/CMakeFiles/CMakeTmp

Run Build Command(s):/usr/bin/gmake -f Makefile cmTC_befbb/fast && /usr/bin/gmake  -f CMakeFiles/cmTC_befbb.dir/build.make CMakeFiles/cmTC_befbb.dir/build
gmake[1]: Entering directory '/home/dev/uswitch/benchmark/bzip2/build/CMakeFiles/CMakeTmp'
Building C object CMakeFiles/cmTC_befbb.dir/src.c.o
/home/dev/uswitch/musl/bin/musl-gcc -DC_FLAG__Wunused_parameter  -Wunused-parameter -o CMakeFiles/cmTC_befbb.dir/src.c.o -c /home/dev/uswitch/benchmark/bzip2/build/CMakeFiles/CMakeTmp/src.c
Linking C executable cmTC_befbb
/usr/bin/cmake -E cmake_link_script CMakeFiles/cmTC_befbb.dir/link.txt --verbose=1
/home/dev/uswitch/musl/bin/musl-gcc CMakeFiles/cmTC_befbb.dir/src.c.o -o cmTC_befbb 
gmake[1]: Leaving directory '/home/dev/uswitch/benchmark/bzip2/build/CMakeFiles/CMakeTmp'


Source file was:
int main(void) { return 0; }
Performing C SOURCE FILE Test C_FLAG__Wredundant_decls succeeded with the following output:
Change Dir: /home/dev/uswitch/benchmark/bzip2/build/CMakeFiles/CMakeTmp

Run Build Command(s):/usr/bin/gmake -f Makefile cmTC_d3707/fast && /usr/bin/gmake  -f CMakeFiles/cmTC_d3707.dir/build.make CMakeFiles/cmTC_d3707.dir/build
gmake[1]: Entering directory '/home/dev/uswitch/benchmark/bzip2/build/CMakeFiles/CMakeTmp'
Building C object CMakeFiles/cmTC_d3707.dir/src.c.o
/home/dev/uswitch/musl/bin/musl-gcc -DC_FLAG__Wredundant_decls  -Wredundant-decls -o CMakeFiles/cmTC_d3707.dir/src.c.o -c /home/dev/uswitch/benchmark/bzip2/build/CMakeFiles/CMakeTmp/src.c
Linking C executable cmTC_d3707
/usr/bin/cmake -E cmake_link_script CMakeFiles/cmTC_d3707.dir/link.txt --verbose=1
/home/dev/uswitch/musl/bin/musl-gcc CMakeFiles/cmTC_d3707.dir/src.c.o -o cmTC_d3707 
gmake[1]: Leaving directory '/home/dev/uswitch/benchmark/bzip2/build/CMakeFiles/CMakeTmp'


Source file was:
int main(void) { return 0; }
Performing C SOURCE FILE Test C_FLAG__Wno_format_nonliteral succeeded with the following output:
Change Dir: /home/dev/uswitch/benchmark/bzip2/build/CMakeFiles/CMakeTmp

Run Build Command(s):/usr/bin/gmake -f Makefile cmTC_54160/fast && /usr/bin/gmake  -f CMakeFiles/cmTC_54160.dir/build.make CMakeFiles/cmTC_54160.dir/build
gmake[1]: Entering directory '/home/dev/uswitch/benchmark/bzip2/build/CMakeFiles/CMakeTmp'
Building C object CMakeFiles/cmTC_54160.dir/src.c.o
/home/dev/uswitch/musl/bin/musl-gcc -DC_FLAG__Wno_format_nonliteral  -Wno-format-nonliteral -o CMakeFiles/cmTC_54160.dir/src.c.o -c /home/dev/uswitch/benchmark/bzip2/build/CMakeFiles/CMakeTmp/src.c
Linking C executable cmTC_54160
/usr/bin/cmake -E cmake_link_script CMakeFiles/cmTC_54160.dir/link.txt --verbose=1
/home/dev/uswitch/musl/bin/musl-gcc CMakeFiles/cmTC_54160.dir/src.c.o -o cmTC_54160 
gmake[1]: Leaving directory '/home/dev/uswitch/benchmark/bzip2/build/CMakeFiles/CMakeTmp'


Source file was:
int main(void) { return 0; }
The system is: Linux - 5.15.74 - x86_64
Compiling the C compiler identification source file "CMakeCCompilerId.c" succeeded.
Compiler: /usr/bin/cc 
Build flags: 
Id flags:  

The output was:
0


Compilation of the C compiler identification source "CMakeCCompilerId.c" produced "a.out"

The C compiler identification is GNU, found in "/home/dev/uswitch/benchmark/bzip2/build/CMakeFiles/3.22.1/CompilerIdC/a.out"

Detecting C compiler ABI info compiled with the following output:
Change Dir: /home/dev/uswitch/benchmark/bzip2/build/CMakeFiles/CMakeTmp

Run Build Command(s):/usr/bin/gmake -f Makefile cmTC_fde02/fast && /usr/bin/gmake  -f CMakeFiles/cmTC_fde02.dir/build.make CMakeFiles/cmTC_fde02.dir/build
gmake[1]: Entering directory '/home/dev/uswitch/benchmark/bzip2/build/CMakeFiles/CMakeTmp'
Building C object CMakeFiles/cmTC_fde02.dir/CMakeCCompilerABI.c.o
/usr/bin/cc   -v -o CMakeFiles/cmTC_fde02.dir/CMakeCCompilerABI.c.o -c /usr/share/cmake-3.22/Modules/CMakeCCompilerABI.c
Using built-in specs.
COLLECT_GCC=/usr/bin/cc
OFFLOAD_TARGET_NAMES=nvptx-none:amdgcn-amdhsa
OFFLOAD_TARGET_DEFAULT=1
Target: x86_64-linux-gnu
Configured with: ../src/configure -v --with-pkgversion='Ubuntu 11.4.0-1ubuntu1~22.04.2' --with-bugurl=file:///usr/share/doc/gcc-11/README.Bugs --enable-languages=c,ada,c++,go,brig,d,fortran,objc,obj-c++,m2 --prefix=/usr --with-gcc-major-version-only --program-suffix=-11 --program-prefix=x86_64-linux-gnu- --enable-shared --enable-linker-build-id --libexecdir=/usr/lib --without-included-gettext --enable-threads=posix --libdir=/usr/lib --enable-nls --enable-bootstrap --enable-clocale=gnu --enable-libstdcxx-debug --enable-libstdcxx-time=yes --with-default-libstdcxx-abi=new --enable-gnu-unique-object --disable-vtable-verify --enable-plugin --enable-default-pie --with-system-zlib --enable-libphobos-checking=release --with-target-system-zlib=auto --enable-objc-gc=auto --enable-multiarch --disable-werror --enable-cet --with-arch-32=i686 --with-abi=m64 --with-multilib-list=m32,m64,mx32 --enable-multilib --with-tune=generic --enable-offload-targets=nvptx-none=/build/gcc-11-2Y5pKs/gcc-11-11.4.0/debian/tmp-nvptx/usr,amdgcn-amdhsa=/build/gcc-11-2Y5pKs/gcc-11-11.4.0/debian/tmp-gcn/usr --without-cuda-driver --enable-checking=release --build=x86_64-linux-gnu --host=x86_64-linux-gnu --target=x86_64-linux-gnu --with-build-config=bootstrap-lto-lean --enable-link-serialization=2
Thread model: posix
Supported LTO compression algorithms: zlib zstd
gcc version 11.4.0 (Ubuntu 11.4.0-1ubuntu1~22.04.2) 
COLLECT_GCC_OPTIONS='-v' '-o' 'CMakeFiles/cmTC_fde02.dir/CMakeCCompilerABI.c.o' '-c' '-mtune=generic' '-march=x86-64' '-dumpdir' 'CMakeFiles/cmTC_fde02.dir/'
 /usr/lib/gcc/x86_64-linux-gnu/11/cc1 -quiet -v -imultiarch x86_64-linux-gnu /usr/share/cmake-3.22/Modules/CMakeCCompilerABI.c -quiet -dumpdir CMakeFiles/cmTC_fde02.dir/ -dumpbase CMakeCCompilerABI.c.c -dumpbase-ext .c -mtune=generic -march=x86-64 -version -fasynchronous-unwind-tables -fstack-protector-strong -Wformat -Wformat-security -fstack-clash-protection -fcf-protection -o /tmp/ccuovZ2s.s
GNU C17 (Ubuntu 11.4.0-1ubuntu1~22.04.2) version 11.4.0 (x86_64-linux-gnu)
	compiled by GNU C version 11.4.0, GMP version 6.2.1, MPFR version 4.1.0, MPC version 1.2.1, isl version isl-0.24-GMP

GGC heuristics: --param ggc-min-expand=100 --param ggc-min-heapsize=131072
ignoring nonexistent directory "/usr/local/include/x86_64-linux-gnu"
ignoring nonexistent directory "/usr/lib/gcc/x86_64-linux-gnu/11/include-fixed"
ignoring nonexistent directory "/usr/lib/gcc/x86_64-linux-gnu/11/../../../../x86_64-linux-gnu/include"
#include "..." search starts here:
#include <...> search starts here:
 /usr/lib/gcc/x86_64-linux-gnu/11/include
 /usr/local/include
 /usr/include/x86_64-linux-gnu
 /usr/include
End of search list.
GNU C17 (Ubuntu 11.4.0-1ubuntu1~22.04.2) version 11.4.0 (x86_64-linux-gnu)
	compiled by GNU C version 11.4.0, GMP version 6.2.1, MPFR version 4.1.0, MPC version 1.2.1, isl version isl-0.24-GMP

GGC heuristics: --param ggc-min-expand=100 --param ggc-min-heapsize=131072
Compiler executable checksum: 4011c2103cba78949d7e02d0f0047a3d
COLLECT_GCC_OPTIONS='-v' '-o' 'CMakeFiles/cmTC_fde02.dir/CMakeCCompilerABI.c.o' '-c' '-mtune=generic' '-march=x86-64' '-dumpdir' 'CMakeFiles/cmTC_fde02.dir/'
 as -v --64 -o CMakeFiles/cmTC_fde02.dir/CMakeCCompilerABI.c.o /tmp/ccuovZ2s.s
GNU assembler version 2.38 (x86_64-linux-gnu) using BFD version (GNU Binutils for Ubuntu) 2.38
COMPILER_PATH=/usr/lib/gcc/x86_64-linux-gnu/11/:/usr/lib/gcc/x86_64-linux-gnu/11/:/usr/lib/gcc/x86_64-linux-gnu/:/usr/lib/gcc/x86_64-linux-gnu/11/:/usr/lib/gcc/x86_64-linux-gnu/
LIBRARY_PATH=/usr/lib/gcc/x86_64-linux-gnu/11/:/usr/lib/gcc/x86_64-linux-gnu/11/../../../x86_64-linux-gnu/:/usr/lib/gcc/x86_64-linux-gnu/11/../../../../lib/:/lib/x86_64-linux-gnu/:/lib/../lib/:/usr/lib/x86_64-linux-gnu/:/usr/lib/../lib/:/usr/lib/gcc/x86_64-linux-gnu/11/../../../:/lib/:/usr/lib/
COLLECT_GCC_OPTIONS='-v' '-o' 'CMakeFiles/cmTC_fde02.dir/CMakeCCompilerABI.c.o' '-c' '-mtune=generic' '-march=x86-64' '-dumpdir' 'CMakeFiles/cmTC_fde02.dir/CMakeCCompilerABI.c.'
Linking C executable cmTC_fde02
/usr/bin/cmake -E cmake_link_script CMakeFiles/cmTC_fde02.dir/link.txt --verbose=1
/usr/bin/cc  -v CMakeFiles/cmTC_fde02.dir/CMakeCCompilerABI.c.o -o cmTC_fde02 
Using built-in specs.
COLLECT_GCC=/usr/bin/cc
COLLECT_LTO_WRAPPER=/usr/lib/gcc/x86_64-linux-gnu/11/lto-wrapper
OFFLOAD_TARGET_NAMES=nvptx-none:amdgcn-amdhsa
OFFLOAD_TARGET_DEFAULT=1
Target: x86_64-linux-gnu
Configured with: ../src/configure -v --with-pkgversion='Ubuntu 11.4.0-1ubuntu1~22.04.2' --with-bugurl=file:///usr/share/doc/gcc-11/README.Bugs --enable-languages=c,ada,c++,go,brig,d,fortran,objc,obj-c++,m2 --prefix=/usr --with-gcc-major-version-only --program-suffix=-11 --program-prefix=x86_64-linux-gnu- --enable-shared --enable-linker-build-id --libexecdir=/usr/lib --without-included-gettext --enable-threads=posix --libdir=/usr/lib --enable-nls --enable-bootstrap --enable-clocale=gnu --enable-libstdcxx-debug --enable-libstdcxx-time=yes --with-default-libstdcxx-abi=new --enable-gnu-unique-object --disable-vtable-verify --enable-plugin --enable-default-pie --with-system-zlib --enable-libphobos-checking=release --with-target-system-zlib=auto --enable-objc-gc=auto --enable-multiarch --disable-werror --enable-cet --with-arch-32=i686 --with-abi=m64 --with-multilib-list=m32,m64,mx32 --enable-multilib --with-tune=generic --enable-offload-targets=nvptx-none=/build/gcc-11-2Y5pKs/gcc-11-11.4.0/debian/tmp-nvptx/usr,amdgcn-amdhsa=/build/gcc-11-2Y5pKs/gcc-11-11.4.0/debian/tmp-gcn/usr --without-cuda-driver --enable-checking=release --build=x86_64-linux-gnu --host=x86_64-linux-gnu --target=x86_64-linux-gnu --with-build-config=bootstrap-lto-lean --enable-link-serialization=2
Thread model: posix
Supported LTO compression algorithms: zlib zstd
gcc version 11.4.0 (Ubuntu 11.4.0-1ubuntu1~22.04.2) 
COMPILER_PATH=/usr/lib/gcc/x86_64-linux-gnu/11/:/usr/lib/gcc/x86_64-linux-gnu/11/:/usr/lib/gcc/x86_64-linux-gnu/:/usr/lib/gcc/x86_64-linux-gnu/11/:/usr/lib/gcc/x86_64-linux-gnu/
LIBRARY_PATH=/usr/lib/gcc/x86_64-linux-gnu/11/:/usr/lib/gcc/x86_64-linux-gnu/11/../../../x86_64-linux-gnu/:/usr/lib/gcc/x86_64-linux-gnu/11/../../../../lib/:/lib/x86_64-linux-gnu/:/lib/../lib/:/usr/lib/x86_64-linux-gnu/:/usr/lib/../lib/:/usr/lib/gcc/x86_64-linux-gnu/11/../../../:/lib/:/usr/lib/
COLLECT_GCC_OPTIONS='-v' '-o' 'cmTC_fde02' '-mtune=generic' '-march=x86-64' '-dumpdir' 'cmTC_fde02.'
 /usr/lib/gcc/x86_64-linux-gnu/11/collect2 -plugin /usr/lib/gcc/x86_64-linux-gnu/11/liblto_plugin.so -plugin-opt=/usr/lib/gcc/x86_64-linux-gnu/11/lto-wrapper -plugin-opt=-fresolution=/tmp/ccLSK67A.res -plugin-opt=-pass-through=-lgcc -plugin-opt=-pass-through=-lgcc_s -plugin-opt=-pass-through=-lc -plugin-opt=-pass-through=-lgcc -plugin-opt=-pass-through=-lgcc_s --build-id --eh-frame-hdr -m elf_x86_64 --hash-style=gnu --as-needed -dynamic-linker /lib64/ld-linux-x86-64.so.2 -pie -z now -z relro -o cmTC_fde02 /usr/lib/gcc/x86_64-linux-gnu/11/../../../x86_64-linux-gnu/Scrt1.o /usr/lib/gcc/x86_64-linux-gnu/11/../../../x86_64-linux-gnu/crti.o /usr/lib/gcc/x86_64-linux-gnu/11/crtbeginS.o -L/usr/lib/gcc/x86_64-linux-gnu/11 -L/usr/lib/gcc/x86_64-linux-gnu/11/../../../x86_64-linux-gnu -L/usr/lib/gcc/x86_64-linux-gnu/11/../../../../lib -L/lib/x86_64-linux-gnu -L/lib/../lib -L/usr/lib/x86_64-linux-gnu -L/usr/lib/../lib -L/usr/lib/gcc/x86_64-linux-gnu/11/../../.. CMakeFiles/cmTC_fde02.dir/CMakeCCompilerABI.c.o -lgcc --push-state --as-needed -lgcc_s --pop-state -lc -lgcc --push-state --as-needed -lgcc_s --pop-state /usr/lib/gcc/x86_64-linux-gnu/11/crtendS.o /usr/lib/gcc/x86_64-linux-gnu/11/../../../x86_64-linux-gnu/crtn.o
COLLECT_GCC_OPTIONS='-v' '-o' 'cmTC_fde02' '-mtune=generic' '-march=x86-64' '-dumpdir' 'cmTC_fde02.'
gmake[1]: Leaving directory '/home/dev/uswitch/benchmark/bzip2/build/CMakeFiles/CMakeTmp'



Parsed C implicit include dir info from above output: rv=done
  found start of include info
  found start of implicit include info
    add: [/usr/lib/gcc/x86_64-linux-gnu/11/include]
    add: [/usr/local/include]
    add: [/usr/include/x86_64-linux-gnu]
    add: [/usr/include]
  end of search list found
  collapse include dir [/usr/lib/gcc/x86_64-linux-gnu/11/include] ==> [/usr/lib/gcc/x86_64-linux-gnu/11/include]
  collapse include dir [/usr/local/include] ==> [/usr/local/include]
  collapse include dir [/usr/include/x86_64-linux-gnu] ==> [/usr/include/x86_64-linux-gnu]
  collapse include dir [/usr/include] ==> [/usr/include]
  implicit include dirs: [/usr/lib/gcc/x86_64-linux-gnu/11/include;/usr/local/include;/usr/include/x86_64-linux-gnu;/usr/include]


Parsed C implicit link information from above output:
  link line regex: [^( *|.*[/\])(ld|CMAKE_LINK_STARTFILE-NOTFOUND|([^/\]+-)?ld|collect2)[^/\]*( |$)]
  ignore line: [Change Dir: /home/dev/uswitch/benchmark/bzip2/build/CMakeFiles/CMakeTmp]
  ignore line: []
  ignore line: [Run Build Command(s):/usr/bin/gmake -f Makefile cmTC_fde02/fast && /usr/bin/gmake  -f CMakeFiles/cmTC_fde02.dir/build.make CMakeFiles/cmTC_fde02.dir/build]
  ignore line: [gmake[1]: Entering directory '/home/dev/uswitch/benchmark/bzip2/build/CMakeFiles/CMakeTmp']
  ignore line: [Building C object CMakeFiles/cmTC_fde02.dir/CMakeCCompilerABI.c.o]
  ignore line: [/usr/bin/cc   -v -o CMakeFiles/cmTC_fde02.dir/CMakeCCompilerABI.c.o -c /usr/share/cmake-3.22/Modules/CMakeCCompilerABI.c]
  ignore line: [Using built-in specs.]
  ignore line: [COLLECT_GCC=/usr/bin/cc]
  ignore line: [OFFLOAD_TARGET_NAMES=nvptx-none:amdgcn-amdhsa]
  ignore line: [OFFLOAD_TARGET_DEFAULT=1]
  ignore line: [Target: x86_64-linux-gnu]
  ignore line: [Configured with: ../src/configure -v --with-pkgversion='Ubuntu 11.4.0-1ubuntu1~22.04.2' --with-bugurl=file:///usr/share/doc/gcc-11/README.Bugs --enable-languages=c ada c++ go brig d fortran objc obj-c++ m2 --prefix=/usr --with-gcc-major-version-only --program-suffix=-11 --program-prefix=x86_64-linux-gnu- --enable-shared --enable-linker-build-id --libexecdir=/usr/lib --without-included-gettext --enable-threads=posix --libdir=/usr/lib --enable-nls --enable-bootstrap --enable-clocale=gnu --enable-libstdcxx-debug --enable-libstdcxx-time=yes --with-default-libstdcxx-abi=new --enable-gnu-unique-object --disable-vtable-verify --enable-plugin --enable-default-pie --with-system-zlib --enable-libphobos-checking=release --with-target-system-zlib=auto --enable-objc-gc=auto --enable-multiarch --disable-werror --enable-cet --with-arch-32=i686 --with-abi=m64 --with-multilib-list=m32 m64 mx32 --enable-multilib --with-tune=generic --enable-offload-targets=nvptx-none=/build/gcc-11-2Y5pKs/gcc-11-11.4.0/debian/tmp-nvptx/usr amdgcn-amdhsa=/build/gcc-11-2Y5pKs/gcc-11-11.4.0/debian/tmp-gcn/usr --without-cuda-driver --enable-checking=release --build=x86_64-linux-gnu --host=x86_64-linux-gnu --target=x86_64-linux-gnu --with-build-config=bootstrap-lto-lean --enable-link-serialization=2]
  ignore line: [Thread model: posix]
  ignore line: [Supported LTO compression algorithms: zlib zstd]
  ignore line: [gcc version 11.4.0 (Ubuntu 11.4.0-1ubuntu1~22.04.2) ]
  ignore line: [COLLECT_GCC_OPTIONS='-v' '-o' 'CMakeFiles/cmTC_fde02.dir/CMakeCCompilerABI.c.o' '-c' '-mtune=generic' '-march=x86-64' '-dumpdir' 'CMakeFiles/cmTC_fde02.dir/']
  ignore line: [ /usr/lib/gcc/x86_64-linux-gnu/11/cc1 -quiet -v -imultiarch x86_64-linux-gnu /usr/share/cmake-3.22/Modules/CMakeCCompilerABI.c -quiet -dumpdir CMakeFiles/cmTC_fde02.dir/ -dumpbase CMakeCCompilerABI.c.c -dumpbase-ext .c -mtune=generic -march=x86-64 -version -fasynchronous-unwind-tables -fstack-protector-strong -Wformat -Wformat-security -fstack-clash-protection -fcf-protection -o /tmp/ccuovZ2s.s]
  ignore line: [GNU C17 (Ubuntu 11.4.0-1ubuntu1~22.04.2) version 11.4.0 (x86_64-linux-gnu)]
  ignore line: [	compiled by GNU C version 11.4.0  GMP version 6.2.1  MPFR version 4.1.0  MPC version 1.2.1  isl version isl-0.24-GMP]
  ignore line: []
  ignore line: [GGC heuristics: --param ggc-min-expand=100 --param ggc-min-heapsize=131072]
  ignore line: [ignoring nonexistent directory "/usr/local/include/x86_64-linux-gnu"]
  ignore line: [ignoring nonexistent directory "/usr/lib/gcc/x86_64-linux-gnu/11/include-fixed"]
  ignore line: [ignoring nonexistent directory "/usr/lib/gcc/x86_64-linux-gnu/11/../../../../x86_64-linux-gnu/include"]
  ignore line: [#include "..." search starts here:]
  ignore line: [#include <...> search starts here:]
  ignore line: [ /usr/lib/gcc/x86_64-linux-gnu/11/include]
  ignore line: [ /usr/local/include]
  ignore line: [ /usr/include/x86_64-linux-gnu]
  ignore line: [ /usr/include]
  ignore line: [End of search list.]
  ignore line: [GNU C17 (Ubuntu 11.4.0-1ubuntu1~22.04.2) version 11.4.0 (x86_64-linux-gnu)]
  ignore line: [	compiled by GNU C version 11.4.0  GMP version 6.2.1  MPFR version 4.1.0  MPC version 1.2.1  isl version isl-0.24-GMP]
  ignore line: []
  ignore line: [GGC heuristics: --param ggc-min-expand=100 --param ggc-min-heapsize=131072]
  ignore line: [Compiler executable checksum: 4011c2103cba78949d7e02d0f0047a3d]
  ignore line: [COLLECT_GCC_OPTIONS='-v' '-o' 'CMakeFiles/cmTC_fde02.dir/CMakeCCompilerABI.c.o' '-c' '-mtune=generic' '-march=x86-64' '-dumpdir' 'CMakeFiles/cmTC_fde02.dir/']
  ignore line: [ as -v --64 -o CMakeFiles/cmTC_fde02.dir/CMakeCCompilerABI.c.o /tmp/ccuovZ2s.s]
  ignore line: [GNU assembler version 2.38 (x86_64-linux-gnu) using BFD version (GNU Binutils for Ubuntu) 2.38]
  ignore line: [COMPILER_PATH=/usr/lib/gcc/x86_64-linux-gnu/11/:/usr/lib/gcc/x86_64-linux-gnu/11/:/usr/lib/gcc/x86_64-linux-gnu/:/usr/lib/gcc/x86_64-linux-gnu/11/:/usr/lib/gcc/x86_64-linux-gnu/]
  ignore line: [LIBRARY_PATH=/usr/lib/gcc/x86_64-linux-gnu/11/:/usr/lib/gcc/x86_64-linux-gnu/11/../../../x86_64-linux-gnu/:/usr/lib/gcc/x86_64-linux-gnu/11/../../../../lib/:/lib/x86_64-linux-gnu/:/lib/../lib/:/usr/lib/x86_64-linux-gnu/:/usr/lib/../lib/:/usr/lib/gcc/x86_64-linux-gnu/11/../../../:/lib/:/usr/lib/]
  ignore line: [COLLECT_GCC_OPTIONS='-v' '-o' 'CMakeFiles/cmTC_fde02.dir/CMakeCCompilerABI.c.o' '-c' '-mtune=generic' '-march=x86-64' '-dumpdir' 'CMakeFiles/cmTC_fde02.dir/CMakeCCompilerABI.c.']
  ignore line: [Linking C executable cmTC_fde02]
  ignore line: [/usr/bin/cmake -E cmake_link_script CMakeFiles/cmTC_fde02.dir/link.txt --verbose=1]
  ignore line: [/usr/bin/cc  -v CMakeFiles/cmTC_fde02.dir/CMakeCCompilerABI.c.o -o cmTC_fde02 ]
  ignore line: [Using built-in specs.]
  ignore line: [COLLECT_GCC=/usr/bin/cc]
  ignore line: [COLLECT_LTO_WRAPPER=/usr/lib/gcc/x86_64-linux-gnu/11/lto-wrapper]
  ignore line: [OFFLOAD_TARGET_NAMES=nvptx-none:amdgcn-amdhsa]
  ignore line: [OFFLOAD_TARGET_DEFAULT=1]
  ignore line: [Target: x86_64-linux-gnu]
  ignore line: [Configured with: ../src/configure -v --with-pkgversion='Ubuntu 11.4.0-1ubuntu1~22.04.2' --with-bugurl=file:///usr/share/doc/gcc-11/README.Bugs --enable-languages=c ada c++ go brig d fortran objc obj-c++ m2 --prefix=/usr --with-gcc-major-version-only --program-suffix=-11 --program-prefix=x86_64-linux-gnu- --enable-shared --enable-linker-build-id --libexecdir=/usr/lib --without-included-gettext --enable-threads=posix --libdir=/usr/lib --enable-nls --enable-bootstrap --enable-clocale=gnu --enable-libstdcxx-debug --enable-libstdcxx-time=yes --with-default-libstdcxx-abi=new --enable-gnu-unique-object --disable-vtable-verify --enable-plugin --enable-default-pie --with-system-zlib --enable-libphobos-checking=release --with-target-system-zlib=auto --enable-objc-gc=auto --enable-multiarch --disable-werror --enable-cet --with-arch-32=i686 --with-abi=m64 --with-multilib-list=m32 m64 mx32 --enable-multilib --with-tune=generic --enable-offload-targets=nvptx-none=/build/gcc-11-2Y5pKs/gcc-11-11.4.0/debian/tmp-nvptx/usr amdgcn-amdhsa=/build/gcc-11-2Y5pKs/gcc-11-11.4.0/debian/tmp-gcn/usr --without-cuda-driver --enable-checking=release --build=x86_64-linux-gnu --host=x86_64-linux-gnu --target=x86_64-linux-gnu --with-build-config=bootstrap-lto-lean --enable-link-serialization=2]
  ignore line: [Thread model: posix]
  ignore line: [Supported LTO compression algorithms: zlib zstd]
  ignore line: [gcc version 11.4.0 (Ubuntu 11.4.0-1ubuntu1~22.04.2) ]
  ignore line: [COMPILER_PATH=/usr/lib/gcc/x86_64-linux-gnu/11/:/usr/lib/gcc/x86_64-linux-gnu/11/:/usr/lib/gcc/x86_64-linux-gnu/:/usr/lib/gcc/x86_64-linux-gnu/11/:/usr/lib/gcc/x86_64-linux-gnu/]
  ignore line: [LIBRARY_PATH=/usr/lib/gcc/x86_64-linux-gnu/11/:/usr/lib/gcc/x86_64-linux-gnu/11/../../../x86_64-linux-gnu/:/usr/lib/gcc/x86_64-linux-gnu/11/../../../../lib/:/lib/x86_64-linux-gnu/:/lib/../lib/:/usr/lib/x86_64-linux-gnu/:/usr/lib/../lib/:/usr/lib/gcc/x86_64-linux-gnu/11/../../../:/lib/:/usr/lib/]
  ignore line: [COLLECT_GCC_OPTIONS='-v' '-o' 'cmTC_fde02' '-mtune=generic' '-march=x86-64' '-dumpdir' 'cmTC_fde02.']
  link line: [ /usr/lib/gcc/x86_64-linux-gnu/11/collect2 -plugin /usr/lib/gcc/x86_64-linux-gnu/11/liblto_plugin.so -plugin-opt=/usr/lib/gcc/x86_64-linux-gnu/11/lto-wrapper -plugin-opt=-fresolution=/tmp/ccLSK67A.res -plugin-opt=-pass-through=-lgcc -plugin-opt=-pass-through=-lgcc_s -plugin-opt=-pass-through=-lc -plugin-opt=-pass-through=-lgcc -plugin-opt=-pass-through=-lgcc_s --build-id --eh-frame-hdr -m elf_x86_64 --hash-style=gnu --as-needed -dynamic-linker /lib64/ld-linux-x86-64.so.2 -pie -z now -z relro -o cmTC_fde02 /usr/lib/gcc/x86_64-linux-gnu/11/../../../x86_64-linux-gnu/Scrt1.o /usr/lib/gcc/x86_64-linux-gnu/11/../../../x86_64-linux-gnu/crti.o /usr/lib/gcc/x86_64-linux-gnu/11/crtbeginS.o -L/usr/lib/gcc/x86_64-linux-gnu/11 -L/usr/lib/gcc/x86_64-linux-gnu/11/../../../x86_64-linux-gnu -L/usr/lib/gcc/x86_64-linux-gnu/11/../../../../lib -L/lib/x86_64-linux-gnu -L/lib/../lib -L/usr/lib/x86_64-linux-gnu -L/usr/lib/../lib -L/usr/lib/gcc/x86_64-linux-gnu/11/../../.. CMakeFiles/cmTC_fde02.dir/CMakeCCompilerABI.c.o -lgcc --push-state --as-needed -lgcc_s --pop-state -lc -lgcc --push-state --as-needed -lgcc_s --pop-state /usr/lib/gcc/x86_64-linux-gnu/11/crtendS.o /usr/lib/gcc/x86_64-linux-gnu/11/../../../x86_64-linux-gnu/crtn.o]
    arg [/usr/lib/gcc/x86_64-linux-gnu/11/collect2] ==> ignore
    arg [-plugin] ==> ignore
    arg [/usr/lib/gcc/x86_64-linux-gnu/11/liblto_plugin.so] ==> ignore
    arg [-plugin-opt=/usr/lib/gcc/x86_64-linux-gnu/11/lto-wrapper] ==> ignore
    arg [-plugin-opt=-fresolution=/tmp/ccLSK67A.res] ==> ignore
    arg [-plugin-opt=-pass-through=-lgcc] ==> ignore
    arg [-plugin-opt=-pass-through=-lgcc_s] ==> ignore
    arg [-plugin-opt=-pass-through=-lc] ==> ignore
    arg [-plugin-opt=-pass-through=-lgcc] ==> ignore
    arg [-plugin-opt=-pass-through=-lgcc_s] ==> ignore
    arg [--build-id] ==> ignore
    arg [--eh-frame-hdr] ==> ignore
    arg [-m] ==> ignore
    arg [elf_x86_64] ==> ignore
    arg [--hash-style=gnu] ==> ignore
    arg [--as-needed] ==> ignore
    arg [-dynamic-linker] ==> ignore
    arg [/lib64/ld-linux-x86-64.so.2] ==> ignore
    arg [-pie] ==> ignore
    arg [-znow] ==> ignore
    arg [-zrelro] ==> ignore
    arg [-o] ==> ignore
    arg [cmTC_fde02] ==> ignore
    arg [/usr/lib/gcc/x86_64-linux-gnu/11/../../../x86_64-linux-gnu/Scrt1.o] ==> obj [/usr/lib/gcc/x86_64-linux-gnu/11/../../../x86_64-linux-gnu/Scrt1.o]
    arg [/usr/lib/gcc/x86_64-linux-gnu/11/../../../x86_64-linux-gnu/crti.o] ==> obj [/usr/lib/gcc/x86_64-linux-gnu/11/../../../x86_64-linux-gnu/crti.o]
    arg [/usr/lib/gcc/x86_64-linux-gnu/11/crtbeginS.o] ==> obj [/usr/lib/gcc/x86_64-linux-gnu/11/crtbeginS.o]
    arg [-L/usr/lib/gcc/x86_64-linux-gnu/11] ==> dir [/usr/lib/gcc/x86_64-linux-gnu/11]
    arg [-L/usr/lib/gcc/x86_64-linux-gnu/11/../../../x86_64-linux-gnu] ==> dir [/usr/lib/gcc/x86_64-linux-gnu/11/../../../x86_64-linux-gnu]
    arg [-L/usr/lib/gcc/x86_64-linux-gnu/11/../../../../lib] ==> dir [/usr/lib/gcc/x86_64-linux-gnu/11/../../../../lib]
    arg [-L/lib/x86_64-linux-gnu] ==> dir [/lib/x86_64-linux-gnu]
    arg [-L/lib/../lib] ==> dir [/lib/../lib]
    arg [-L/usr/lib/x86_64-linux-gnu] ==> dir [/usr/lib/x86_64-linux-gnu]
    arg [-L/usr/lib/../lib] ==> dir [/usr/lib/../lib]
    arg [-L/usr/lib/gcc/x86_64-linux-gnu/11/../../..] ==> dir [/usr/lib/gcc/x86_64-linux-gnu/11/../../..]
    arg [CMakeFiles/cmTC_fde02.dir/CMakeCCompilerABI.c.o] ==> ignore
    arg [-lgcc] ==> lib [gcc]
    arg [--push-state] ==> ignore
    arg [--as-needed] ==> ignore
    arg [-lgcc_s] ==> lib [gcc_s]
    arg [--pop-state] ==> ignore
    arg [-lc] ==> lib [c]
    arg [-lgcc] ==> lib [gcc]
    arg [--push-state] ==> ignore
    arg [--as-needed] ==> ignore
    arg [-lgcc_s] ==> lib [gcc_s]
    arg [--pop-state] ==> ignore
    arg [/usr/lib/gcc/x86_64-linux-gnu/11/crtendS.o] ==> obj [/usr/lib/gcc/x86_64-linux-gnu/11/crtendS.o]
    arg [/usr/lib/gcc/x86_64-linux-gnu/11/../../../x86_64-linux-gnu/crtn.o] ==> obj [/usr/lib/gcc/x86_64-linux-gnu/11/../../../x86_64-linux-gnu/crtn.o]
  collapse obj [/usr/lib/gcc/x86_64-linux-gnu/11/../../../x86_64-linux-gnu/Scrt1.o] ==> [/usr/lib/x86_64-linux-gnu/Scrt1.o]
  collapse obj [/usr/lib/gcc/x86_64-linux-gnu/11/../../../x86_64-linux-gnu/crti.o] ==> [/usr/lib/x86_64-linux-gnu/crti.o]
  collapse obj [/usr/lib/gcc/x86_64-linux-gnu/11/../../../x86_64-linux-gnu/crtn.o] ==> [/usr/lib/x86_64-linux-gnu/crtn.o]
  collapse library dir [/usr/lib/gcc/x86_64-linux-gnu/11] ==> [/usr/lib/gcc/x86_64-linux-gnu/11]
  collapse library dir [/usr/lib/gcc/x86_64-linux-gnu/11/../../../x86_64-linux-gnu] ==> [/usr/lib/x86_64-linux-gnu]
  collapse library dir [/usr/lib/gcc/x86_64-linux-gnu/11/../../../../lib] ==> [/usr/lib]
  collapse library dir [/lib/x86_64-linux-gnu] ==> [/lib/x86_64-linux-gnu]
  collapse library dir [/lib/../lib] ==> [/lib]
  collapse library dir [/usr/lib/x86_64-linux-gnu] ==> [/usr/lib/x86_64-linux-gnu]
  collapse library dir [/usr/lib/../lib] ==> [/usr/lib]
  collapse library dir [/usr/lib/gcc/x86_64-linux-gnu/11/../../..] ==> [/usr/lib]
  implicit libs: [gcc;gcc_s;c;gcc;gcc_s]
  implicit objs: [/usr/lib/x86_64-linux-gnu/Scrt1.o;/usr/lib/x86_64-linux-gnu/crti.o;/usr/lib/gcc/x86_64-linux-gnu/11/crtbeginS.o;/usr/lib/gcc/x86_64-linux-gnu/11/crtendS.o;/usr/lib/x86_64-linux-gnu/crtn.o]
  implicit dirs: [/usr/lib/gcc/x86_64-linux-gnu/11;/usr/lib/x86_64-linux-gnu;/usr/lib;/lib/x86_64-linux-gnu;/lib]
  implicit fwks: []


Determining if the include file arpa/inet.h exists passed with the following output:
Change Dir: /home/dev/uswitch/benchmark/bzip2/build/CMakeFiles/CMakeTmp

Run Build Command(s):/usr/bin/gmake -f Makefile cmTC_6cada/fast && /usr/bin/gmake  -f CMakeFiles/cmTC_6cada.dir/build.make CMakeFiles/cmTC_6cada.dir/build
gmake[1]: Entering directory '/home/dev/uswitch/benchmark/bzip2/build/CMakeFiles/CMakeTmp'
Building C object CMakeFiles/cmTC_6cada.dir/CheckIncludeFile.c.o
/usr/bin/cc    -o CMakeFiles/cmTC_6cada.dir/CheckIncludeFile.c.o -c /home/dev/uswitch/benchmark/bzip2/build/CMakeFiles/CMakeTmp/CheckIncludeFile.c
Linking C executable cmTC_6cada
/usr/bin/cmake -E cmake_link_script CMakeFiles/cmTC_6cada.dir/link.txt --verbose=1
/usr/bin/cc CMakeFiles/cmTC_6cada.dir/CheckIncludeFile.c.o -o cmTC_6cada 
gmake[1]: Leaving directory '/home/dev/uswitch/benchmark/bzip2/build/CMakeFiles/CMakeTmp'



Determining if the include file fcntl.h exists passed with the following output:
Change Dir: /home/dev/uswitch/benchmark/bzip2/build/CMakeFiles/CMakeTmp

Run Build Command(s):/usr/bin/gmake -f Makefile cmTC_9e1f9/fast && /usr/bin/gmake  -f CMakeFiles/cmTC_9e1f9.dir/build.make CMakeFiles/cmTC_9e1f9.dir/build
gmake[1]: Entering directory '/home/dev/uswitch/benchmark/bzip2/build/CMakeFiles/CMakeTmp'
Building C object CMakeFiles/cmTC_9e1f9.dir/CheckIncludeFile.c.o
/usr/bin/cc    -o CMakeFiles/cmTC_9e1f9.dir/CheckIncludeFile.c.o -c /home/dev/uswitch/benchmark/bzip2/build/CMakeFiles/CMakeTmp/CheckIncludeFile.c
Linking C executable cmTC_9e1f9
/usr/bin/cmake -E cmake_link_script CMakeFiles/cmTC_9e1f9.dir/link.txt --verbose=1
/usr/bin/cc CMakeFiles/cmTC_9e1f9.dir/CheckIncludeFile.c.o -o cmTC_9e1f9 
gmake[1]: Leaving directory '/home/dev/uswitch/benchmark/bzip2/build/CMakeFiles/CMakeTmp'



Determining if the include file inttypes.h exists passed with the following output:
Change Dir: /home/dev/uswitch/benchmark/bzip2/build/CMakeFiles/CMakeTmp

Run Build Command(s):/usr/bin/gmake -f Makefile cmTC_cb0c3/fast && /usr/bin/gmake  -f CMakeFiles/cmTC_cb0c3.dir/build.make CMakeFiles/cmTC_cb0c3.dir/build
gmake[1]: Entering directory '/home/dev/uswitch/benchmark/bzip2/build/CMakeFiles/CMakeTmp'
Building C object CMakeFiles/cmTC_cb0c3.dir/CheckIncludeFile.c.o
/usr/bin/cc    -o CMakeFiles/cmTC_cb0c3.dir/CheckIncludeFile.c.o -c /home/dev/uswitch/benchmark/bzip2/build/CMakeFiles/CMakeTmp/CheckIncludeFile.c
Linking C executable cmTC_cb0c3
/usr/bin/cmake -E cmake_link_script CMakeFiles/cmTC_cb0c3.dir/link.txt --verbose=1
/usr/bin/cc CMakeFiles/cmTC_cb0c3.dir/CheckIncludeFile.c.o -o cmTC_cb0c3 
gmake[1]: Leaving directory '/home/dev/uswitch/benchmark/bzip2/build/CMakeFiles/CMakeTmp'



Determining if the include file limits.h exists passed with the following output:
Change Dir: /home/dev/uswitch/benchmark/bzip2/build/CMakeFiles/CMakeTmp

Run Build Command(s):/usr/bin/gmake -f Makefile cmTC_7d4b4/fast && /usr/bin/gmake  -f CMakeFiles/cmTC_7d4b4.dir/build.make CMakeFiles/cmTC_7d4b4.dir/build
gmake[1]: Entering directory '/home/dev/uswitch/benchmark/bzip2/build/CMakeFiles/CMakeTmp'
Building C object CMakeFiles/cmTC_7d4b4.dir/CheckIncludeFile.c.o
/usr/bin/cc    -o CMakeFiles/cmTC_7d4b4.dir/CheckIncludeFile.c.o -c /home/dev/uswitch/benchmark/bzip2/build/CMakeFiles/CMakeTmp/CheckIncludeFile.c
Linking C executable cmTC_7d4b4
/usr/bin/cmake -E cmake_link_script CMakeFiles/cmTC_7d4b4.dir/link.txt --verbose=1
/usr/bin/cc CMakeFiles/cmTC_7d4b4.dir/CheckIncludeFile.c.o -o cmTC_7d4b4 
gmake[1]: Leaving directory '/home/dev/uswitch/benchmark/bzip2/build/CMakeFiles/CMakeTmp'



Determining if the include file netdb.h exists passed with the following output:
Change Dir: /home/dev/uswitch/benchmark/bzip2/build/CMakeFiles/CMakeTmp

Run Build Command(s):/usr/bin/gmake -f Makefile cmTC_1afe9/fast && /usr/bin/gmake  -f CMakeFiles/cmTC_1afe9.dir/build.make CMakeFiles/cmTC_1afe9.dir/build
gmake[1]: Entering directory '/home/dev/uswitch/benchmark/bzip2/build/CMakeFiles/CMakeTmp'
Building C object CMakeFiles/cmTC_1afe9.dir/CheckIncludeFile.c.o
/usr/bin/cc    -o CMakeFiles/cmTC_1afe9.dir/CheckIncludeFile.c.o -c /home/dev/uswitch/benchmark/bzip2/build/CMakeFiles/CMakeTmp/CheckIncludeFile.c
Linking C executable cmTC_1afe9
/usr/bin/cmake -E cmake_link_script CMakeFiles/cmTC_1afe9.dir/link.txt --verbose=1
/usr/bin/cc CMakeFiles/cmTC_1afe9.dir/CheckIncludeFile.c.o -o cmTC_1afe9 
gmake[1]: Leaving directory '/home/dev/uswitch/benchmark/bzip2/build/CMakeFiles/CMakeTmp'



Determining if the include file netinet/in.h exists passed with the following output:
Change Dir: /home/dev/uswitch/benchmark/bzip2/build/CMakeFiles/CMakeTmp

Run Build Command(s):/usr/bin/gmake -f Makefile cmTC_ce0ca/fast && /usr/bin/gmake  -f CMakeFiles/cmTC_ce0ca.dir/build.make CMakeFiles/cmTC_ce0ca.dir/build
gmake[1]: Entering directory '/home/dev/uswitch/benchmark/bzip2/build/CMakeFiles/CMakeTmp'
Building C object CMakeFiles/cmTC_ce0ca.dir/CheckIncludeFile.c.o
/usr/bin/cc    -o CMakeFiles/cmTC_ce0ca.dir/CheckIncludeFile.c.o -c /home/dev/uswitch/benchmark/bzip2/build/CMakeFiles/CMakeTmp/CheckIncludeFile.c
Linking C executable cmTC_ce0ca
/usr/bin/cmake -E cmake_link_script CMakeFiles/cmTC_ce0ca.dir/link.txt --verbose=1
/usr/bin/cc CMakeFiles/cmTC_ce0ca.dir/CheckIncludeFile.c.o -o cmTC_ce0ca 
gmake[1]: Leaving directory '/home/dev/uswitch/benchmark/bzip2/build/CMakeFiles/CMakeTmp'



Determining if the include file pwd.h exists passed with the following output:
Change Dir: /home/dev/uswitch/benchmark/bzip2/build/CMakeFiles/CMakeTmp

Run Build Command(s):/usr/bin/gmake -f Makefile cmTC_0f49e/fast && /usr/bin/gmake  -f CMakeFiles/cmTC_0f49e.dir/build.make CMakeFiles/cmTC_0f49e.dir/build
gmake[1]: Entering directory '/home/dev/uswitch/benchmark/bzip2/build/CMakeFiles/CMakeTmp'
Building C object CMakeFiles/cmTC_0f49e.dir/CheckIncludeFile.c.o
/usr/bin/cc    -o CMakeFiles/cmTC_0f49e.dir/CheckIncludeFile.c.o -c /home/dev/uswitch/benchmark/bzip2/build/CMakeFiles/CMakeTmp/CheckIncludeFile.c
Linking C executable cmTC_0f49e
/usr/bin/cmake -E cmake_link_script CMakeFiles/cmTC_0f49e.dir/link.txt --verbose=1
/usr/bin/cc CMakeFiles/cmTC_0f49e.dir/CheckIncludeFile.c.o -o cmTC_0f49e 
gmake[1]: Leaving directory '/home/dev/uswitch/benchmark/bzip2/build/CMakeFiles/CMakeTmp'



Determining if the include file sys/socket.h exists passed with the following output:
Change Dir: /home/dev/uswitch/benchmark/bzip2/build/CMakeFiles/CMakeTmp

Run Build Command(s):/usr/bin/gmake -f Makefile cmTC_3b277/fast && /usr/bin/gmake  -f CMakeFiles/cmTC_3b277.dir/build.make CMakeFiles/cmTC_3b277.dir/build
gmake[1]: Entering directory '/home/dev/uswitch/benchmark/bzip2/build/CMakeFiles/CMakeTmp'
Building C object CMakeFiles/cmTC_3b277.dir/CheckIncludeFile.c.o
/usr/bin/cc    -o CMakeFiles/cmTC_3b277.dir/CheckIncludeFile.c.o -c /home/dev/uswitch/benchmark/bzip2/build/CMakeFiles/CMakeTmp/CheckIncludeFile.c
Linking C executable cmTC_3b277
/usr/bin/cmake -E cmake_link_script CMakeFiles/cmTC_3b277.dir/link.txt --verbose=1
/usr/bin/cc CMakeFiles/cmTC_3b277.dir/CheckIncludeFile.c.o -o cmTC_3b277 
gmake[1]: Leaving directory '/home/dev/uswitch/benchmark/bzip2/build/CMakeFiles/CMakeTmp'



Determining if the include file sys/time.h exists passed with the following output:
Change Dir: /home/dev/uswitch/benchmark/bzip2/build/CMakeFiles/CMakeTmp

Run Build Command(s):/usr/bin/gmake -f Makefile cmTC_e4b03/fast && /usr/bin/gmake  -f CMakeFiles/cmTC_e4b03.dir/build.make CMakeFiles/cmTC_e4b03.dir/build
gmake[1]: Entering directory '/home/dev/uswitch/benchmark/bzip2/build/CMakeFiles/CMakeTmp'
Building C object CMakeFiles/cmTC_e4b03.dir/CheckIncludeFile.c.o
/usr/bin/cc    -o CMakeFiles/cmTC_e4b03.dir/CheckIncludeFile.c.o -c /home/dev/uswitch/benchmark/bzip2/build/CMakeFiles/CMakeTmp/CheckIncludeFile.c
Linking C executable cmTC_e4b03
/usr/bin/cmake -E cmake_link_script CMakeFiles/cmTC_e4b03.dir/link.txt --verbose=1
/usr/bin/cc CMakeFiles/cmTC_e4b03.dir/CheckIncludeFile.c.o -o cmTC_e4b03 
gmake[1]: Leaving directory '/home/dev/uswitch/benchmark/bzip2/build/CMakeFiles/CMakeTmp'



Determining if the include file syslog.h exists passed with the following output:
Change Dir: /home/dev/uswitch/benchmark/bzip2/build/CMakeFiles/CMakeTmp

Run Build Command(s):/usr/bin/gmake -f Makefile cmTC_2ccd3/fast && /usr/bin/gmake  -f CMakeFiles/cmTC_2ccd3.dir/build.make CMakeFiles/cmTC_2ccd3.dir/build
gmake[1]: Entering directory '/home/dev/uswitch/benchmark/bzip2/build/CMakeFiles/CMakeTmp'
Building C object CMakeFiles/cmTC_2ccd3.dir/CheckIncludeFile.c.o
/usr/bin/cc    -o CMakeFiles/cmTC_2ccd3.dir/CheckIncludeFile.c.o -c /home/dev/uswitch/benchmark/bzip2/build/CMakeFiles/CMakeTmp/CheckIncludeFile.c
Linking C executable cmTC_2ccd3
/usr/bin/cmake -E cmake_link_script CMakeFiles/cmTC_2ccd3.dir/link.txt --verbose=1
/usr/bin/cc CMakeFiles/cmTC_2ccd3.dir/CheckIncludeFile.c.o -o cmTC_2ccd3 
gmake[1]: Leaving directory '/home/dev/uswitch/benchmark/bzip2/build/CMakeFiles/CMakeTmp'



Determining if the include file time.h exists passed with the following output:
Change Dir: /home/dev/uswitch/benchmark/bzip2/build/CMakeFiles/CMakeTmp

Run Build Command(s):/usr/bin/gmake -f Makefile cmTC_d918b/fast && /usr/bin/gmake  -f CMakeFiles/cmTC_d918b.dir/build.make CMakeFiles/cmTC_d918b.dir/build
gmake[1]: Entering directory '/home/dev/uswitch/benchmark/bzip2/build/CMakeFiles/CMakeTmp'
Building C object CMakeFiles/cmTC_d918b.dir/CheckIncludeFile.c.o
/usr/bin/cc    -o CMakeFiles/cmTC_d918b.dir/CheckIncludeFile.c.o -c /home/dev/uswitch/benchmark/bzip2/build/CMakeFiles/CMakeTmp/CheckIncludeFile.c
Linking C executable cmTC_d918b
/usr/bin/cmake -E cmake_link_script CMakeFiles/cmTC_d918b.dir/link.txt --verbose=1
/usr/bin/cc CMakeFiles/cmTC_d918b.dir/CheckIncludeFile.c.o -o cmTC_d918b 
gmake[1]: Leaving directory '/home/dev/uswitch/benchmark/bzip2/build/CMakeFiles/CMakeTmp'



Determining if the include file unistd.h exists passed with the following output:
Change Dir: /home/dev/uswitch/benchmark/bzip2/build/CMakeFiles/CMakeTmp

Run Build Command(s):/usr/bin/gmake -f Makefile cmTC_164a0/fast && /usr/bin/gmake  -f CMakeFiles/cmTC_164a0.dir/build.make CMakeFiles/cmTC_164a0.dir/build
gmake[1]: Entering directory '/home/dev/uswitch/benchmark/bzip2/build/CMakeFiles/CMakeTmp'
Building C object CMakeFiles/cmTC_164a0.dir/CheckIncludeFile.c.o
/usr/bin/cc    -o CMakeFiles/cmTC_164a0.dir/CheckIncludeFile.c.o -c /home/dev/uswitch/benchmark/bzip2/build/CMakeFiles/CMakeTmp/CheckIncludeFile.c
Linking C executable cmTC_164a0
/usr/bin/cmake -E cmake_link_script CMakeFiles/cmTC_164a0.dir/link.txt --verbose=1
/usr/bin/cc CMakeFiles/cmTC_164a0.dir/CheckIncludeFile.c.o -o cmTC_164a0 
gmake[1]: Leaving directory '/home/dev/uswitch/benchmark/bzip2/build/CMakeFiles/CMakeTmp'



Determining if the include file sys/types.h exists passed with the following output:
Change Dir: /home/dev/uswitch/benchmark/bzip2/build/CMakeFiles/CMakeTmp

Run Build Command(s):/usr/bin/gmake -f Makefile cmTC_6b1af/fast && /usr/bin/gmake  -f CMakeFiles/cmTC_6b1af.dir/build.make CMakeFiles/cmTC_6b1af.dir/build
gmake[1]: Entering directory '/home/dev/uswitch/benchmark/bzip2/build/CMakeFiles/CMakeTmp'
Building C object CMakeFiles/cmTC_6b1af.dir/CheckIncludeFile.c.o
/usr/bin/cc    -o CMakeFiles/cmTC_6b1af.dir/CheckIncludeFile.c.o -c /home/dev/uswitch/benchmark/bzip2/build/CMakeFiles/CMakeTmp/CheckIncludeFile.c
Linking C executable cmTC_6b1af
/usr/bin/cmake -E cmake_link_script CMakeFiles/cmTC_6b1af.dir/link.txt --verbose=1
/usr/bin/cc CMakeFiles/cmTC_6b1af.dir/CheckIncludeFile.c.o -o cmTC_6b1af 
gmake[1]: Leaving directory '/home/dev/uswitch/benchmark/bzip2/build/CMakeFiles/CMakeTmp'



Determining if the include file stdint.h exists passed with the following output:
Change Dir: /home/dev/uswitch/benchmark/bzip2/build/CMakeFiles/CMakeTmp

Run Build Command(s):/usr/bin/gmake -f Makefile cmTC_34ec6/fast && /usr/bin/gmake  -f CMakeFiles/cmTC_34ec6.dir/build.make CMakeFiles/cmTC_34ec6.dir/build
gmake[1]: Entering directory '/home/dev/uswitch/benchmark/bzip2/build/CMakeFiles/CMakeTmp'
Building C object CMakeFiles/cmTC_34ec6.dir/CheckIncludeFile.c.o
/usr/bin/cc    -o CMakeFiles/cmTC_34ec6.dir/CheckIncludeFile.c.o -c /home/dev/uswitch/benchmark/bzip2/build/CMakeFiles/CMakeTmp/CheckIncludeFile.c
Linking C executable cmTC_34ec6
/usr/bin/cmake -E cmake_link_script CMakeFiles/cmTC_34ec6.dir/link.txt --verbose=1
/usr/bin/cc CMakeFiles/cmTC_34ec6.dir/CheckIncludeFile.c.o -o cmTC_34ec6 
gmake[1]: Leaving directory '/home/dev/uswitch/benchmark/bzip2/build/CMakeFiles/CMakeTmp'



Determining if the include file stddef.h exists passed with the following output:
Change Dir: /home/dev/uswitch/benchmark/bzip2/build/CMakeFiles/CMakeTmp

Run Build Command(s):/usr/bin/gmake -f Makefile cmTC_f4245/fast && /usr/bin/gmake  -f CMakeFiles/cmTC_f4245.dir/build.make CMakeFiles/cmTC_f4245.dir/build
gmake[1]: Entering directory '/home/dev/uswitch/benchmark/bzip2/build/CMakeFiles/CMakeTmp'
Building C object CMakeFiles/cmTC_f4245.dir/CheckIncludeFile.c.o
/usr/bin/cc    -o CMakeFiles/cmTC_f4245.dir/CheckIncludeFile.c.o -c /home/dev/uswitch/benchmark/bzip2/build/CMakeFiles/CMakeTmp/CheckIncludeFile.c
Linking C executable cmTC_f4245
/usr/bin/cmake -E cmake_link_script CMakeFiles/cmTC_f4245.dir/link.txt --verbose=1
/usr/bin/cc CMakeFiles/cmTC_f4245.dir/CheckIncludeFile.c.o -o cmTC_f4245 
gmake[1]: Leaving directory '/home/dev/uswitch/benchmark/bzip2/build/CMakeFiles/CMakeTmp'



Determining size of ssize_t passed with the following output:
Change Dir: /home/dev/uswitch/benchmark/bzip2/build/CMakeFiles/CMakeTmp

Run Build Command(s):/usr/bin/gmake -f Makefile cmTC_880d5/fast && /usr/bin/gmake  -f CMakeFiles/cmTC_880d5.dir/build.make CMakeFiles/cmTC_880d5.dir/build
gmake[1]: Entering directory '/home/dev/uswitch/benchmark/bzip2/build/CMakeFiles/CMakeTmp'
Building C object CMakeFiles/cmTC_880d5.dir/SIZEOF_SSIZE_T.c.o
/usr/bin/cc    -o CMakeFiles/cmTC_880d5.dir/SIZEOF_SSIZE_T.c.o -c /home/dev/uswitch/benchmark/bzip2/build/CMakeFiles/CheckTypeSize/SIZEOF_SSIZE_T.c
Linking C executable cmTC_880d5
/usr/bin/cmake -E cmake_link_script CMakeFiles/cmTC_880d5.dir/link.txt --verbose=1
/usr/bin/cc CMakeFiles/cmTC_880d5.dir/SIZEOF_SSIZE_T.c.o -o cmTC_880d5 
gmake[1]: Leaving directory '/home/dev/uswitch/benchmark/bzip2/build/CMakeFiles/CMakeTmp'



Performing C SOURCE FILE Test HAVE_STRUCT_TM_TM_GMTOFF succeeded with the following output:
Change Dir: /home/dev/uswitch/benchmark/bzip2/build/CMakeFiles/CMakeTmp

Run Build Command(s):/usr/bin/gmake -f Makefile cmTC_04140/fast && /usr/bin/gmake  -f CMakeFiles/cmTC_04140.dir/build.make CMakeFiles/cmTC_04140.dir/build
gmake[1]: Entering directory '/home/dev/uswitch/benchmark/bzip2/build/CMakeFiles/CMakeTmp'
Building C object CMakeFiles/cmTC_04140.dir/src.c.o
/usr/bin/cc -DHAVE_STRUCT_TM_TM_GMTOFF   -o CMakeFiles/cmTC_04140.dir/src.c.o -c /home/dev/uswitch/benchmark/bzip2/build/CMakeFiles/CMakeTmp/src.c
Linking C executable cmTC_04140
/usr/bin/cmake -E cmake_link_script CMakeFiles/cmTC_04140.dir/link.txt --verbose=1
/usr/bin/cc CMakeFiles/cmTC_04140.dir/src.c.o -o cmTC_04140 
gmake[1]: Leaving directory '/home/dev/uswitch/benchmark/bzip2/build/CMakeFiles/CMakeTmp'


Source file was:

#include <time.h>

int main()
{
  (void)sizeof(((struct tm *)0)->tm_gmtoff);
  return 0;
}

Determining if the function _Exit exists passed with the following output:
Change Dir: /home/dev/uswitch/benchmark/bzip2/build/CMakeFiles/CMakeTmp

Run Build Command(s):/usr/bin/gmake -f Makefile cmTC_fb04e/fast && /usr/bin/gmake  -f CMakeFiles/cmTC_fb04e.dir/build.make CMakeFiles/cmTC_fb04e.dir/build
gmake[1]: Entering directory '/home/dev/uswitch/benchmark/bzip2/build/CMakeFiles/CMakeTmp'
Building C object CMakeFiles/cmTC_fb04e.dir/CheckFunctionExists.c.o
/usr/bin/cc   -DCHECK_FUNCTION_EXISTS=_Exit -o CMakeFiles/cmTC_fb04e.dir/CheckFunctionExists.c.o -c /usr/share/cmake-3.22/Modules/CheckFunctionExists.c
<command-line>: warning: conflicting types for built-in function ‘_Exit’; expected ‘void(int)’ [-Wbuiltin-declaration-mismatch]
/usr/share/cmake-3.22/Modules/CheckFunctionExists.c:7:3: note: in expansion of macro ‘CHECK_FUNCTION_EXISTS’
    7 |   CHECK_FUNCTION_EXISTS(void);
      |   ^~~~~~~~~~~~~~~~~~~~~
/usr/share/cmake-3.22/Modules/CheckFunctionExists.c:1:1: note: ‘_Exit’ is declared in header ‘<stdlib.h>’
  +++ |+#include <stdlib.h>
    1 | #ifdef CHECK_FUNCTION_EXISTS
Linking C executable cmTC_fb04e
/usr/bin/cmake -E cmake_link_script CMakeFiles/cmTC_fb04e.dir/link.txt --verbose=1
/usr/bin/cc  -DCHECK_FUNCTION_EXISTS=_Exit CMakeFiles/cmTC_fb04e.dir/CheckFunctionExists.c.o -o cmTC_fb04e 
gmake[1]: Leaving directory '/home/dev/uswitch/benchmark/bzip2/build/CMakeFiles/CMakeTmp'



Determining if the function accept4 exists passed with the following output:
Change Dir: /home/dev/uswitch/benchmark/bzip2/build/CMakeFiles/CMakeTmp

Run Build Command(s):/usr/bin/gmake -f Makefile cmTC_7ac2b/fast && /usr/bin/gmake  -f CMakeFiles/cmTC_7ac2b.dir/build.make CMakeFiles/cmTC_7ac2b.dir/build
gmake[1]: Entering directory '/home/dev/uswitch/benchmark/bzip2/build/CMakeFiles/CMakeTmp'
Building C object CMakeFiles/cmTC_7ac2b.dir/CheckFunctionExists.c.o
/usr/bin/cc   -DCHECK_FUNCTION_EXISTS=accept4 -o CMakeFiles/cmTC_7ac2b.dir/CheckFunctionExists.c.o -c /usr/share/cmake-3.22/Modules/CheckFunctionExists.c
Linking C executable cmTC_7ac2b
/usr/bin/cmake -E cmake_link_script CMakeFiles/cmTC_7ac2b.dir/link.txt --verbose=1
/usr/bin/cc  -DCHECK_FUNCTION_EXISTS=accept4 CMakeFiles/cmTC_7ac2b.dir/CheckFunctionExists.c.o -o cmTC_7ac2b 
gmake[1]: Leaving directory '/home/dev/uswitch/benchmark/bzip2/build/CMakeFiles/CMakeTmp'



Determining if the function mkostemp exists passed with the following output:
Change Dir: /home/dev/uswitch/benchmark/bzip2/build/CMakeFiles/CMakeTmp

Run Build Command(s):/usr/bin/gmake -f Makefile cmTC_9f719/fast && /usr/bin/gmake  -f CMakeFiles/cmTC_9f719.dir/build.make CMakeFiles/cmTC_9f719.dir/build
gmake[1]: Entering directory '/home/dev/uswitch/benchmark/bzip2/build/CMakeFiles/CMakeTmp'
Building C object CMakeFiles/cmTC_9f719.dir/CheckFunctionExists.c.o
/usr/bin/cc   -DCHECK_FUNCTION_EXISTS=mkostemp -o CMakeFiles/cmTC_9f719.dir/CheckFunctionExists.c.o -c /usr/share/cmake-3.22/Modules/CheckFunctionExists.c
Linking C executable cmTC_9f719
/usr/bin/cmake -E cmake_link_script CMakeFiles/cmTC_9f719.dir/link.txt --verbose=1
/usr/bin/cc  -DCHECK_FUNCTION_EXISTS=mkostemp CMakeFiles/cmTC_9f719.dir/CheckFunctionExists.c.o -o cmTC_9f719 
gmake[1]: Leaving directory '/home/dev/uswitch/benchmark/bzip2/build/CMakeFiles/CMakeTmp'



Determining if the initgroups exist passed with the following output:
Change Dir: /home/dev/uswitch/benchmark/bzip2/build/CMakeFiles/CMakeTmp

Run Build Command(s):/usr/bin/gmake -f Makefile cmTC_872bc/fast && /usr/bin/gmake  -f CMakeFiles/cmTC_872bc.dir/build.make CMakeFiles/cmTC_872bc.dir/build
gmake[1]: Entering directory '/home/dev/uswitch/benchmark/bzip2/build/CMakeFiles/CMakeTmp'
Building C object CMakeFiles/cmTC_872bc.dir/CheckSymbolExists.c.o
/usr/bin/cc    -o CMakeFiles/cmTC_872bc.dir/CheckSymbolExists.c.o -c /home/dev/uswitch/benchmark/bzip2/build/CMakeFiles/CMakeTmp/CheckSymbolExists.c
Linking C executable cmTC_872bc
/usr/bin/cmake -E cmake_link_script CMakeFiles/cmTC_872bc.dir/link.txt --verbose=1
/usr/bin/cc CMakeFiles/cmTC_872bc.dir/CheckSymbolExists.c.o -o cmTC_872bc 
gmake[1]: Leaving directory '/home/dev/uswitch/benchmark/bzip2/build/CMakeFiles/CMakeTmp'


File /home/dev/uswitch/benchmark/bzip2/build/CMakeFiles/CMakeTmp/CheckSymbolExists.c:
/* */
#include <grp.h>

int main(int argc, char** argv)
{
  (void)argv;
#ifndef initgroups
  return ((int*)(&initgroups))[argc];
#else
  (void)argc;
  return 0;
#endif
}
Performing C SOURCE FILE Test C_FLAG__Wall succeeded with the following output:
Change Dir: /home/dev/uswitch/benchmark/bzip2/build/CMakeFiles/CMakeTmp

Run Build Command(s):/usr/bin/gmake -f Makefile cmTC_83219/fast && /usr/bin/gmake  -f CMakeFiles/cmTC_83219.dir/build.make CMakeFiles/cmTC_83219.dir/build
gmake[1]: Entering directory '/home/dev/uswitch/benchmark/bzip2/build/CMakeFiles/CMakeTmp'
Building C object CMakeFiles/cmTC_83219.dir/src.c.o
/usr/bin/cc -DC_FLAG__Wall  -Wall -o CMakeFiles/cmTC_83219.dir/src.c.o -c /home/dev/uswitch/benchmark/bzip2/build/CMakeFiles/CMakeTmp/src.c
Linking C executable cmTC_83219
/usr/bin/cmake -E cmake_link_script CMakeFiles/cmTC_83219.dir/link.txt --verbose=1
/usr/bin/cc CMakeFiles/cmTC_83219.dir/src.c.o -o cmTC_83219 
gmake[1]: Leaving directory '/home/dev/uswitch/benchmark/bzip2/build/CMakeFiles/CMakeTmp'


Source file was:
int main(void) { return 0; }
Performing C SOURCE FILE Test C_FLAG__Wextra succeeded with the following output:
Change Dir: /home/dev/uswitch/benchmark/bzip2/build/CMakeFiles/CMakeTmp

Run Build Command(s):/usr/bin/gmake -f Makefile cmTC_7f26e/fast && /usr/bin/gmake  -f CMakeFiles/cmTC_7f26e.dir/build.make CMakeFiles/cmTC_7f26e.dir/build
gmake[1]: Entering directory '/home/dev/uswitch/benchmark/bzip2/build/CMakeFiles/CMakeTmp'
Building C object CMakeFiles/cmTC_7f26e.dir/src.c.o
/usr/bin/cc -DC_FLAG__Wextra  -Wextra -o CMakeFiles/cmTC_7f26e.dir/src.c.o -c /home/dev/uswitch/benchmark/bzip2/build/CMakeFiles/CMakeTmp/src.c
Linking C executable cmTC_7f26e
/usr/bin/cmake -E cmake_link_script CMakeFiles/cmTC_7f26e.dir/link.txt --verbose=1
/usr/bin/cc CMakeFiles/cmTC_7f26e.dir/src.c.o -o cmTC_7f26e 
gmake[1]: Leaving directory '/home/dev/uswitch/benchmark/bzip2/build/CMakeFiles/CMakeTmp'


Source file was:
int main(void) { return 0; }
Performing C SOURCE FILE Test C_FLAG__Wmissing_prototypes succeeded with the following output:
Change Dir: /home/dev/uswitch/benchmark/bzip2/build/CMakeFiles/CMakeTmp

Run Build Command(s):/usr/bin/gmake -f Makefile cmTC_a562f/fast && /usr/bin/gmake  -f CMakeFiles/cmTC_a562f.dir/build.make CMakeFiles/cmTC_a562f.dir/build
gmake[1]: Entering directory '/home/dev/uswitch/benchmark/bzip2/build/CMakeFiles/CMakeTmp'
Building C object CMakeFiles/cmTC_a562f.dir/src.c.o
/usr/bin/cc -DC_FLAG__Wmissing_prototypes  -Wmissing-prototypes -o CMakeFiles/cmTC_a562f.dir/src.c.o -c /home/dev/uswitch/benchmark/bzip2/build/CMakeFiles/CMakeTmp/src.c
Linking C executable cmTC_a562f
/usr/bin/cmake -E cmake_link_script CMakeFiles/cmTC_a562f.dir/link.txt --verbose=1
/usr/bin/cc CMakeFiles/cmTC_a562f.dir/src.c.o -o cmTC_a562f 
gmake[1]: Leaving directory '/home/dev/uswitch/benchmark/bzip2/build/CMakeFiles/CMakeTmp'


Source file was:
int main(void) { return 0; }
Performing C SOURCE FILE Test C_FLAG__Wstrict_prototypes succeeded with the following output:
Change Dir: /home/dev/uswitch/benchmark/bzip2/build/CMakeFiles/CMakeTmp

Run Build Command(s):/usr/bin/gmake -f Makefile cmTC_4f8c7/fast && /usr/bin/gmake  -f CMakeFiles/cmTC_4f8c7.dir/build.make CMakeFiles/cmTC_4f8c7.dir/build
gmake[1]: Entering directory '/home/dev/uswitch/benchmark/bzip2/build/CMakeFiles/CMakeTmp'
Building C object CMakeFiles/cmTC_4f8c7.dir/src.c.o
/usr/bin/cc -DC_FLAG__Wstrict_prototypes  -Wstrict-prototypes -o CMakeFiles/cmTC_4f8c7.dir/src.c.o -c /home/dev/uswitch/benchmark/bzip2/build/CMakeFiles/CMakeTmp/src.c
Linking C executable cmTC_4f8c7
/usr/bin/cmake -E cmake_link_script CMakeFiles/cmTC_4f8c7.dir/link.txt --verbose=1
/usr/bin/cc CMakeFiles/cmTC_4f8c7.dir/src.c.o -o cmTC_4f8c7 
gmake[1]: Leaving directory '/home/dev/uswitch/benchmark/bzip2/build/CMakeFiles/CMakeTmp'


Source file was:
int main(void) { return 0; }
Performing C SOURCE FILE Test C_FLAG__Wmissing_declarations succeeded with the following output:
Change Dir: /home/dev/uswitch/benchmark/bzip2/build/CMakeFiles/CMakeTmp

Run Build Command(s):/usr/bin/gmake -f Makefile cmTC_6c84d/fast && /usr/bin/gmake  -f CMakeFiles/cmTC_6c84d.dir/build.make CMakeFiles/cmTC_6c84d.dir/build
gmake[1]: Entering directory '/home/dev/uswitch/benchmark/bzip2/build/CMakeFiles/CMakeTmp'
Building C object CMakeFiles/cmTC_6c84d.dir/src.c.o
/usr/bin/cc -DC_FLAG__Wmissing_declarations  -Wmissing-declarations -o CMakeFiles/cmTC_6c84d.dir/src.c.o -c /home/dev/uswitch/benchmark/bzip2/build/CMakeFiles/CMakeTmp/src.c
Linking C executable cmTC_6c84d
/usr/bin/cmake -E cmake_link_script CMakeFiles/cmTC_6c84d.dir/link.txt --verbose=1
/usr/bin/cc CMakeFiles/cmTC_6c84d.dir/src.c.o -o cmTC_6c84d 
gmake[1]: Leaving directory '/home/dev/uswitch/benchmark/bzip2/build/CMakeFiles/CMakeTmp'


Source file was:
int main(void) { return 0; }
Performing C SOURCE FILE Test C_FLAG__Wpointer_arith succeeded with the following output:
Change Dir: /home/dev/uswitch/benchmark/bzip2/build/CMakeFiles/CMakeTmp

Run Build Command(s):/usr/bin/gmake -f Makefile cmTC_bbc93/fast && /usr/bin/gmake  -f CMakeFiles/cmTC_bbc93.dir/build.make CMakeFiles/cmTC_bbc93.dir/build
gmake[1]: Entering directory '/home/dev/uswitch/benchmark/bzip2/build/CMakeFiles/CMakeTmp'
Building C object CMakeFiles/cmTC_bbc93.dir/src.c.o
/usr/bin/cc -DC_FLAG__Wpointer_arith  -Wpointer-arith -o CMakeFiles/cmTC_bbc93.dir/src.c.o -c /home/dev/uswitch/benchmark/bzip2/build/CMakeFiles/CMakeTmp/src.c
Linking C executable cmTC_bbc93
/usr/bin/cmake -E cmake_link_script CMakeFiles/cmTC_bbc93.dir/link.txt --verbose=1
/usr/bin/cc CMakeFiles/cmTC_bbc93.dir/src.c.o -o cmTC_bbc93 
gmake[1]: Leaving directory '/home/dev/uswitch/benchmark/bzip2/build/CMakeFiles/CMakeTmp'


Source file was:
int main(void) { return 0; }
Performing C SOURCE FILE Test C_FLAG__Wdeclaration_after_statement succeeded with the following output:
Change Dir: /home/dev/uswitch/benchmark/bzip2/build/CMakeFiles/CMakeTmp

Run Build Command(s):/usr/bin/gmake -f Makefile cmTC_4eb56/fast && /usr/bin/gmake  -f CMakeFiles/cmTC_4eb56.dir/build.make CMakeFiles/cmTC_4eb56.dir/build
gmake[1]: Entering directory '/home/dev/uswitch/benchmark/bzip2/build/CMakeFiles/CMakeTmp'
Building C object CMakeFiles/cmTC_4eb56.dir/src.c.o
/usr/bin/cc -DC_FLAG__Wdeclaration_after_statement  -Wdeclaration-after-statement -o CMakeFiles/cmTC_4eb56.dir/src.c.o -c /home/dev/uswitch/benchmark/bzip2/build/CMakeFiles/CMakeTmp/src.c
Linking C executable cmTC_4eb56
/usr/bin/cmake -E cmake_link_script CMakeFiles/cmTC_4eb56.dir/link.txt --verbose=1
/usr/bin/cc CMakeFiles/cmTC_4eb56.dir/src.c.o -o cmTC_4eb56 
gmake[1]: Leaving directory '/home/dev/uswitch/benchmark/bzip2/build/CMakeFiles/CMakeTmp'


Source file was:
int main(void) { return 0; }
Performing C SOURCE FILE Test C_FLAG__Wformat_security succeeded with the following output:
Change Dir: /home/dev/uswitch/benchmark/bzip2/build/CMakeFiles/CMakeTmp

Run Build Command(s):/usr/bin/gmake -f Makefile cmTC_82da8/fast && /usr/bin/gmake  -f CMakeFiles/cmTC_82da8.dir/build.make CMakeFiles/cmTC_82da8.dir/build
gmake[1]: Entering directory '/home/dev/uswitch/benchmark/bzip2/build/CMakeFiles/CMakeTmp'
Building C object CMakeFiles/cmTC_82da8.dir/src.c.o
/usr/bin/cc -DC_FLAG__Wformat_security  -Wformat-security -o CMakeFiles/cmTC_82da8.dir/src.c.o -c /home/dev/uswitch/benchmark/bzip2/build/CMakeFiles/CMakeTmp/src.c
Linking C executable cmTC_82da8
/usr/bin/cmake -E cmake_link_script CMakeFiles/cmTC_82da8.dir/link.txt --verbose=1
/usr/bin/cc CMakeFiles/cmTC_82da8.dir/src.c.o -o cmTC_82da8 
gmake[1]: Leaving directory '/home/dev/uswitch/benchmark/bzip2/build/CMakeFiles/CMakeTmp'


Source file was:
int main(void) { return 0; }
Performing C SOURCE FILE Test C_FLAG__Wwrite_strings succeeded with the following output:
Change Dir: /home/dev/uswitch/benchmark/bzip2/build/CMakeFiles/CMakeTmp

Run Build Command(s):/usr/bin/gmake -f Makefile cmTC_10b68/fast && /usr/bin/gmake  -f CMakeFiles/cmTC_10b68.dir/build.make CMakeFiles/cmTC_10b68.dir/build
gmake[1]: Entering directory '/home/dev/uswitch/benchmark/bzip2/build/CMakeFiles/CMakeTmp'
Building C object CMakeFiles/cmTC_10b68.dir/src.c.o
/usr/bin/cc -DC_FLAG__Wwrite_strings  -Wwrite-strings -o CMakeFiles/cmTC_10b68.dir/src.c.o -c /home/dev/uswitch/benchmark/bzip2/build/CMakeFiles/CMakeTmp/src.c
Linking C executable cmTC_10b68
/usr/bin/cmake -E cmake_link_script CMakeFiles/cmTC_10b68.dir/link.txt --verbose=1
/usr/bin/cc CMakeFiles/cmTC_10b68.dir/src.c.o -o cmTC_10b68 
gmake[1]: Leaving directory '/home/dev/uswitch/benchmark/bzip2/build/CMakeFiles/CMakeTmp'


Source file was:
int main(void) { return 0; }
Performing C SOURCE FILE Test C_FLAG__Wshadow succeeded with the following output:
Change Dir: /home/dev/uswitch/benchmark/bzip2/build/CMakeFiles/CMakeTmp

Run Build Command(s):/usr/bin/gmake -f Makefile cmTC_8c5bc/fast && /usr/bin/gmake  -f CMakeFiles/cmTC_8c5bc.dir/build.make CMakeFiles/cmTC_8c5bc.dir/build
gmake[1]: Entering directory '/home/dev/uswitch/benchmark/bzip2/build/CMakeFiles/CMakeTmp'
Building C object CMakeFiles/cmTC_8c5bc.dir/src.c.o
/usr/bin/cc -DC_FLAG__Wshadow  -Wshadow -o CMakeFiles/cmTC_8c5bc.dir/src.c.o -c /home/dev/uswitch/benchmark/bzip2/build/CMakeFiles/CMakeTmp/src.c
Linking C executable cmTC_8c5bc
/usr/bin/cmake -E cmake_link_script CMakeFiles/cmTC_8c5bc.dir/link.txt --verbose=1
/usr/bin/cc CMakeFiles/cmTC_8c5bc.dir/src.c.o -o cmTC_8c5bc 
gmake[1]: Leaving directory '/home/dev/uswitch/benchmark/bzip2/build/CMakeFiles/CMakeTmp'


Source file was:
int main(void) { return 0; }
Performing C SOURCE FILE Test C_FLAG__Winline succeeded with the following output:
Change Dir: /home/dev/uswitch/benchmark/bzip2/build/CMakeFiles/CMakeTmp

Run Build Command(s):/usr/bin/gmake -f Makefile cmTC_f069b/fast && /usr/bin/gmake  -f CMakeFiles/cmTC_f069b.dir/build.make CMakeFiles/cmTC_f069b.dir/build
gmake[1]: Entering directory '/home/dev/uswitch/benchmark/bzip2/build/CMakeFiles/CMakeTmp'
Building C object CMakeFiles/cmTC_f069b.dir/src.c.o
/usr/bin/cc -DC_FLAG__Winline  -Winline -o CMakeFiles/cmTC_f069b.dir/src.c.o -c /home/dev/uswitch/benchmark/bzip2/build/CMakeFiles/CMakeTmp/src.c
Linking C executable cmTC_f069b
/usr/bin/cmake -E cmake_link_script CMakeFiles/cmTC_f069b.dir/link.txt --verbose=1
/usr/bin/cc CMakeFiles/cmTC_f069b.dir/src.c.o -o cmTC_f069b 
gmake[1]: Leaving directory '/home/dev/uswitch/benchmark/bzip2/build/CMakeFiles/CMakeTmp'


Source file was:
int main(void) { return 0; }
Performing C SOURCE FILE Test C_FLAG__Wnested_externs succeeded with the following output:
Change Dir: /home/dev/uswitch/benchmark/bzip2/build/CMakeFiles/CMakeTmp

Run Build Command(s):/usr/bin/gmake -f Makefile cmTC_5c6ff/fast && /usr/bin/gmake  -f CMakeFiles/cmTC_5c6ff.dir/build.make CMakeFiles/cmTC_5c6ff.dir/build
gmake[1]: Entering directory '/home/dev/uswitch/benchmark/bzip2/build/CMakeFiles/CMakeTmp'
Building C object CMakeFiles/cmTC_5c6ff.dir/src.c.o
/usr/bin/cc -DC_FLAG__Wnested_externs  -Wnested-externs -o CMakeFiles/cmTC_5c6ff.dir/src.c.o -c /home/dev/uswitch/benchmark/bzip2/build/CMakeFiles/CMakeTmp/src.c
Linking C executable cmTC_5c6ff
/usr/bin/cmake -E cmake_link_script CMakeFiles/cmTC_5c6ff.dir/link.txt --verbose=1
/usr/bin/cc CMakeFiles/cmTC_5c6ff.dir/src.c.o -o cmTC_5c6ff 
gmake[1]: Leaving directory '/home/dev/uswitch/benchmark/bzip2/build/CMakeFiles/CMakeTmp'


Source file was:
int main(void) { return 0; }
Performing C SOURCE FILE Test C_FLAG__Wfloat_equal succeeded with the following output:
Change Dir: /home/dev/uswitch/benchmark/bzip2/build/CMakeFiles/CMakeTmp

Run Build Command(s):/usr/bin/gmake -f Makefile cmTC_27a66/fast && /usr/bin/gmake  -f CMakeFiles/cmTC_27a66.dir/build.make CMakeFiles/cmTC_27a66.dir/build
gmake[1]: Entering directory '/home/dev/uswitch/benchmark/bzip2/build/CMakeFiles/CMakeTmp'
Building C object CMakeFiles/cmTC_27a66.dir/src.c.o
/usr/bin/cc -DC_FLAG__Wfloat_equal  -Wfloat-equal -o CMakeFiles/cmTC_27a66.dir/src.c.o -c /home/dev/uswitch/benchmark/bzip2/build/CMakeFiles/CMakeTmp/src.c
Linking C executable cmTC_27a66
/usr/bin/cmake -E cmake_link_script CMakeFiles/cmTC_27a66.dir/link.txt --verbose=1
/usr/bin/cc CMakeFiles/cmTC_27a66.dir/src.c.o -o cmTC_27a66 
gmake[1]: Leaving directory '/home/dev/uswitch/benchmark/bzip2/build/CMakeFiles/CMakeTmp'


Source file was:
int main(void) { return 0; }
Performing C SOURCE FILE Test C_FLAG__Wundef succeeded with the following output:
Change Dir: /home/dev/uswitch/benchmark/bzip2/build/CMakeFiles/CMakeTmp

Run Build Command(s):/usr/bin/gmake -f Makefile cmTC_95f54/fast && /usr/bin/gmake  -f CMakeFiles/cmTC_95f54.dir/build.make CMakeFiles/cmTC_95f54.dir/build
gmake[1]: Entering directory '/home/dev/uswitch/benchmark/bzip2/build/CMakeFiles/CMakeTmp'
Building C object CMakeFiles/cmTC_95f54.dir/src.c.o
/usr/bin/cc -DC_FLAG__Wundef  -Wundef -o CMakeFiles/cmTC_95f54.dir/src.c.o -c /home/dev/uswitch/benchmark/bzip2/build/CMakeFiles/CMakeTmp/src.c
Linking C executable cmTC_95f54
/usr/bin/cmake -E cmake_link_script CMakeFiles/cmTC_95f54.dir/link.txt --verbose=1
/usr/bin/cc CMakeFiles/cmTC_95f54.dir/src.c.o -o cmTC_95f54 
gmake[1]: Leaving directory '/home/dev/uswitch/benchmark/bzip2/build/CMakeFiles/CMakeTmp'


Source file was:
int main(void) { return 0; }
Performing C SOURCE FILE Test C_FLAG__Wendif_labels succeeded with the following output:
Change Dir: /home/dev/uswitch/benchmark/bzip2/build/CMakeFiles/CMakeTmp

Run Build Command(s):/usr/bin/gmake -f Makefile cmTC_1996e/fast && /usr/bin/gmake  -f CMakeFiles/cmTC_1996e.dir/build.make CMakeFiles/cmTC_1996e.dir/build
gmake[1]: Entering directory '/home/dev/uswitch/benchmark/bzip2/build/CMakeFiles/CMakeTmp'
Building C object CMakeFiles/cmTC_1996e.dir/src.c.o
/usr/bin/cc -DC_FLAG__Wendif_labels  -Wendif-labels -o CMakeFiles/cmTC_1996e.dir/src.c.o -c /home/dev/uswitch/benchmark/bzip2/build/CMakeFiles/CMakeTmp/src.c
Linking C executable cmTC_1996e
/usr/bin/cmake -E cmake_link_script CMakeFiles/cmTC_1996e.dir/link.txt --verbose=1
/usr/bin/cc CMakeFiles/cmTC_1996e.dir/src.c.o -o cmTC_1996e 
gmake[1]: Leaving directory '/home/dev/uswitch/benchmark/bzip2/build/CMakeFiles/CMakeTmp'


Source file was:
int main(void) { return 0; }
Performing C SOURCE FILE Test C_FLAG__Wempty_body succeeded with the following output:
Change Dir: /home/dev/uswitch/benchmark/bzip2/build/CMakeFiles/CMakeTmp

Run Build Command(s):/usr/bin/gmake -f Makefile cmTC_212bf/fast && /usr/bin/gmake  -f CMakeFiles/cmTC_212bf.dir/build.make CMakeFiles/cmTC_212bf.dir/build
gmake[1]: Entering directory '/home/dev/uswitch/benchmark/bzip2/build/CMakeFiles/CMakeTmp'
Building C object CMakeFiles/cmTC_212bf.dir/src.c.o
/usr/bin/cc -DC_FLAG__Wempty_body  -Wempty-body -o CMakeFiles/cmTC_212bf.dir/src.c.o -c /home/dev/uswitch/benchmark/bzip2/build/CMakeFiles/CMakeTmp/src.c
Linking C executable cmTC_212bf
/usr/bin/cmake -E cmake_link_script CMakeFiles/cmTC_212bf.dir/link.txt --verbose=1
/usr/bin/cc CMakeFiles/cmTC_212bf.dir/src.c.o -o cmTC_212bf 
gmake[1]: Leaving directory '/home/dev/uswitch/benchmark/bzip2/build/CMakeFiles/CMakeTmp'


Source file was:
int main(void) { return 0; }
Performing C SOURCE FILE Test C_FLAG__Wcast_align succeeded with the following output:
Change Dir: /home/dev/uswitch/benchmark/bzip2/build/CMakeFiles/CMakeTmp

Run Build Command(s):/usr/bin/gmake -f Makefile cmTC_eaafc/fast && /usr/bin/gmake  -f CMakeFiles/cmTC_eaafc.dir/build.make CMakeFiles/cmTC_eaafc.dir/build
gmake[1]: Entering directory '/home/dev/uswitch/benchmark/bzip2/build/CMakeFiles/CMakeTmp'
Building C object CMakeFiles/cmTC_eaafc.dir/src.c.o
/usr/bin/cc -DC_FLAG__Wcast_align  -Wcast-align -o CMakeFiles/cmTC_eaafc.dir/src.c.o -c /home/dev/uswitch/benchmark/bzip2/build/CMakeFiles/CMakeTmp/src.c
Linking C executable cmTC_eaafc
/usr/bin/cmake -E cmake_link_script CMakeFiles/cmTC_eaafc.dir/link.txt --verbose=1
/usr/bin/cc CMakeFiles/cmTC_eaafc.dir/src.c.o -o cmTC_eaafc 
gmake[1]: Leaving directory '/home/dev/uswitch/benchmark/bzip2/build/CMakeFiles/CMakeTmp'


Source file was:
int main(void) { return 0; }
Performing C SOURCE FILE Test C_FLAG__Wclobbered succeeded with the following output:
Change Dir: /home/dev/uswitch/benchmark/bzip2/build/CMakeFiles/CMakeTmp

Run Build Command(s):/usr/bin/gmake -f Makefile cmTC_19247/fast && /usr/bin/gmake  -f CMakeFiles/cmTC_19247.dir/build.make CMakeFiles/cmTC_19247.dir/build
gmake[1]: Entering directory '/home/dev/uswitch/benchmark/bzip2/build/CMakeFiles/CMakeTmp'
Building C object CMakeFiles/cmTC_19247.dir/src.c.o
/usr/bin/cc -DC_FLAG__Wclobbered  -Wclobbered -o CMakeFiles/cmTC_19247.dir/src.c.o -c /home/dev/uswitch/benchmark/bzip2/build/CMakeFiles/CMakeTmp/src.c
Linking C executable cmTC_19247
/usr/bin/cmake -E cmake_link_script CMakeFiles/cmTC_19247.dir/link.txt --verbose=1
/usr/bin/cc CMakeFiles/cmTC_19247.dir/src.c.o -o cmTC_19247 
gmake[1]: Leaving directory '/home/dev/uswitch/benchmark/bzip2/build/CMakeFiles/CMakeTmp'


Source file was:
int main(void) { return 0; }
Performing C SOURCE FILE Test C_FLAG__Wvla succeeded with the following output:
Change Dir: /home/dev/uswitch/benchmark/bzip2/build/CMakeFiles/CMakeTmp

Run Build Command(s):/usr/bin/gmake -f Makefile cmTC_ceccb/fast && /usr/bin/gmake  -f CMakeFiles/cmTC_ceccb.dir/build.make CMakeFiles/cmTC_ceccb.dir/build
gmake[1]: Entering directory '/home/dev/uswitch/benchmark/bzip2/build/CMakeFiles/CMakeTmp'
Building C object CMakeFiles/cmTC_ceccb.dir/src.c.o
/usr/bin/cc -DC_FLAG__Wvla  -Wvla -o CMakeFiles/cmTC_ceccb.dir/src.c.o -c /home/dev/uswitch/benchmark/bzip2/build/CMakeFiles/CMakeTmp/src.c
Linking C executable cmTC_ceccb
/usr/bin/cmake -E cmake_link_script CMakeFiles/cmTC_ceccb.dir/link.txt --verbose=1
/usr/bin/cc CMakeFiles/cmTC_ceccb.dir/src.c.o -o cmTC_ceccb 
gmake[1]: Leaving directory '/home/dev/uswitch/benchmark/bzip2/build/CMakeFiles/CMakeTmp'


Source file was:
int main(void) { return 0; }
Performing C SOURCE FILE Test C_FLAG__Wpragmas succeeded with the following output:
Change Dir: /home/dev/uswitch/benchmark/bzip2/build/CMakeFiles/CMakeTmp

Run Build Command(s):/usr/bin/gmake -f Makefile cmTC_75dea/fast && /usr/bin/gmake  -f CMakeFiles/cmTC_75dea.dir/build.make CMakeFiles/cmTC_75dea.dir/build
gmake[1]: Entering directory '/home/dev/uswitch/benchmark/bzip2/build/CMakeFiles/CMakeTmp'
Building C object CMakeFiles/cmTC_75dea.dir/src.c.o
/usr/bin/cc -DC_FLAG__Wpragmas  -Wpragmas -o CMakeFiles/cmTC_75dea.dir/src.c.o -c /home/dev/uswitch/benchmark/bzip2/build/CMakeFiles/CMakeTmp/src.c
Linking C executable cmTC_75dea
/usr/bin/cmake -E cmake_link_script CMakeFiles/cmTC_75dea.dir/link.txt --verbose=1
/usr/bin/cc CMakeFiles/cmTC_75dea.dir/src.c.o -o cmTC_75dea 
gmake[1]: Leaving directory '/home/dev/uswitch/benchmark/bzip2/build/CMakeFiles/CMakeTmp'


Source file was:
int main(void) { return 0; }
Performing C SOURCE FILE Test C_FLAG__Wunreachable_code succeeded with the following output:
Change Dir: /home/dev/uswitch/benchmark/bzip2/build/CMakeFiles/CMakeTmp

Run Build Command(s):/usr/bin/gmake -f Makefile cmTC_58ed2/fast && /usr/bin/gmake  -f CMakeFiles/cmTC_58ed2.dir/build.make CMakeFiles/cmTC_58ed2.dir/build
gmake[1]: Entering directory '/home/dev/uswitch/benchmark/bzip2/build/CMakeFiles/CMakeTmp'
Building C object CMakeFiles/cmTC_58ed2.dir/src.c.o
/usr/bin/cc -DC_FLAG__Wunreachable_code  -Wunreachable-code -o CMakeFiles/cmTC_58ed2.dir/src.c.o -c /home/dev/uswitch/benchmark/bzip2/build/CMakeFiles/CMakeTmp/src.c
Linking C executable cmTC_58ed2
/usr/bin/cmake -E cmake_link_script CMakeFiles/cmTC_58ed2.dir/link.txt --verbose=1
/usr/bin/cc CMakeFiles/cmTC_58ed2.dir/src.c.o -o cmTC_58ed2 
gmake[1]: Leaving directory '/home/dev/uswitch/benchmark/bzip2/build/CMakeFiles/CMakeTmp'


Source file was:
int main(void) { return 0; }
Performing C SOURCE FILE Test C_FLAG__Waddress succeeded with the following output:
Change Dir: /home/dev/uswitch/benchmark/bzip2/build/CMakeFiles/CMakeTmp

Run Build Command(s):/usr/bin/gmake -f Makefile cmTC_3f22f/fast && /usr/bin/gmake  -f CMakeFiles/cmTC_3f22f.dir/build.make CMakeFiles/cmTC_3f22f.dir/build
gmake[1]: Entering directory '/home/dev/uswitch/benchmark/bzip2/build/CMakeFiles/CMakeTmp'
Building C object CMakeFiles/cmTC_3f22f.dir/src.c.o
/usr/bin/cc -DC_FLAG__Waddress  -Waddress -o CMakeFiles/cmTC_3f22f.dir/src.c.o -c /home/dev/uswitch/benchmark/bzip2/build/CMakeFiles/CMakeTmp/src.c
Linking C executable cmTC_3f22f
/usr/bin/cmake -E cmake_link_script CMakeFiles/cmTC_3f22f.dir/link.txt --verbose=1
/usr/bin/cc CMakeFiles/cmTC_3f22f.dir/src.c.o -o cmTC_3f22f 
gmake[1]: Leaving directory '/home/dev/uswitch/benchmark/bzip2/build/CMakeFiles/CMakeTmp'


Source file was:
int main(void) { return 0; }
Performing C SOURCE FILE Test C_FLAG__Wattributes succeeded with the following output:
Change Dir: /home/dev/uswitch/benchmark/bzip2/build/CMakeFiles/CMakeTmp

Run Build Command(s):/usr/bin/gmake -f Makefile cmTC_15f9e/fast && /usr/bin/gmake  -f CMakeFiles/cmTC_15f9e.dir/build.make CMakeFiles/cmTC_15f9e.dir/build
gmake[1]: Entering directory '/home/dev/uswitch/benchmark/bzip2/build/CMakeFiles/CMakeTmp'
Building C object CMakeFiles/cmTC_15f9e.dir/src.c.o
/usr/bin/cc -DC_FLAG__Wattributes  -Wattributes -o CMakeFiles/cmTC_15f9e.dir/src.c.o -c /home/dev/uswitch/benchmark/bzip2/build/CMakeFiles/CMakeTmp/src.c
Linking C executable cmTC_15f9e
/usr/bin/cmake -E cmake_link_script CMakeFiles/cmTC_15f9e.dir/link.txt --verbose=1
/usr/bin/cc CMakeFiles/cmTC_15f9e.dir/src.c.o -o cmTC_15f9e 
gmake[1]: Leaving directory '/home/dev/uswitch/benchmark/bzip2/build/CMakeFiles/CMakeTmp'


Source file was:
int main(void) { return 0; }
Performing C SOURCE FILE Test C_FLAG__Wdiv_by_zero succeeded with the following output:
Change Dir: /home/dev/uswitch/benchmark/bzip2/build/CMakeFiles/CMakeTmp

Run Build Command(s):/usr/bin/gmake -f Makefile cmTC_a539a/fast && /usr/bin/gmake  -f CMakeFiles/cmTC_a539a.dir/build.make CMakeFiles/cmTC_a539a.dir/build
gmake[1]: Entering directory '/home/dev/uswitch/benchmark/bzip2/build/CMakeFiles/CMakeTmp'
Building C object CMakeFiles/cmTC_a539a.dir/src.c.o
/usr/bin/cc -DC_FLAG__Wdiv_by_zero  -Wdiv-by-zero -o CMakeFiles/cmTC_a539a.dir/src.c.o -c /home/dev/uswitch/benchmark/bzip2/build/CMakeFiles/CMakeTmp/src.c
Linking C executable cmTC_a539a
/usr/bin/cmake -E cmake_link_script CMakeFiles/cmTC_a539a.dir/link.txt --verbose=1
/usr/bin/cc CMakeFiles/cmTC_a539a.dir/src.c.o -o cmTC_a539a 
gmake[1]: Leaving directory '/home/dev/uswitch/benchmark/bzip2/build/CMakeFiles/CMakeTmp'


Source file was:
int main(void) { return 0; }
Performing C SOURCE FILE Test C_FLAG__Wconversion succeeded with the following output:
Change Dir: /home/dev/uswitch/benchmark/bzip2/build/CMakeFiles/CMakeTmp

Run Build Command(s):/usr/bin/gmake -f Makefile cmTC_76c73/fast && /usr/bin/gmake  -f CMakeFiles/cmTC_76c73.dir/build.make CMakeFiles/cmTC_76c73.dir/build
gmake[1]: Entering directory '/home/dev/uswitch/benchmark/bzip2/build/CMakeFiles/CMakeTmp'
Building C object CMakeFiles/cmTC_76c73.dir/src.c.o
/usr/bin/cc -DC_FLAG__Wconversion  -Wconversion -o CMakeFiles/cmTC_76c73.dir/src.c.o -c /home/dev/uswitch/benchmark/bzip2/build/CMakeFiles/CMakeTmp/src.c
Linking C executable cmTC_76c73
/usr/bin/cmake -E cmake_link_script CMakeFiles/cmTC_76c73.dir/link.txt --verbose=1
/usr/bin/cc CMakeFiles/cmTC_76c73.dir/src.c.o -o cmTC_76c73 
gmake[1]: Leaving directory '/home/dev/uswitch/benchmark/bzip2/build/CMakeFiles/CMakeTmp'


Source file was:
int main(void) { return 0; }
Performing C SOURCE FILE Test C_FLAG__Wformat_nonliteral succeeded with the following output:
Change Dir: /home/dev/uswitch/benchmark/bzip2/build/CMakeFiles/CMakeTmp

Run Build Command(s):/usr/bin/gmake -f Makefile cmTC_cbaf6/fast && /usr/bin/gmake  -f CMakeFiles/cmTC_cbaf6.dir/build.make CMakeFiles/cmTC_cbaf6.dir/build
gmake[1]: Entering directory '/home/dev/uswitch/benchmark/bzip2/build/CMakeFiles/CMakeTmp'
Building C object CMakeFiles/cmTC_cbaf6.dir/src.c.o
/usr/bin/cc -DC_FLAG__Wformat_nonliteral  -Wformat-nonliteral -o CMakeFiles/cmTC_cbaf6.dir/src.c.o -c /home/dev/uswitch/benchmark/bzip2/build/CMakeFiles/CMakeTmp/src.c
Linking C executable cmTC_cbaf6
/usr/bin/cmake -E cmake_link_script CMakeFiles/cmTC_cbaf6.dir/link.txt --verbose=1
/usr/bin/cc CMakeFiles/cmTC_cbaf6.dir/src.c.o -o cmTC_cbaf6 
gmake[1]: Leaving directory '/home/dev/uswitch/benchmark/bzip2/build/CMakeFiles/CMakeTmp'


Source file was:
int main(void) { return 0; }
Performing C SOURCE FILE Test C_FLAG__Wmissing_field_initializers succeeded with the following output:
Change Dir: /home/dev/uswitch/benchmark/bzip2/build/CMakeFiles/CMakeTmp

Run Build Command(s):/usr/bin/gmake -f Makefile cmTC_bcb05/fast && /usr/bin/gmake  -f CMakeFiles/cmTC_bcb05.dir/build.make CMakeFiles/cmTC_bcb05.dir/build
gmake[1]: Entering directory '/home/dev/uswitch/benchmark/bzip2/build/CMakeFiles/CMakeTmp'
Building C object CMakeFiles/cmTC_bcb05.dir/src.c.o
/usr/bin/cc -DC_FLAG__Wmissing_field_initializers  -Wmissing-field-initializers -o CMakeFiles/cmTC_bcb05.dir/src.c.o -c /home/dev/uswitch/benchmark/bzip2/build/CMakeFiles/CMakeTmp/src.c
Linking C executable cmTC_bcb05
/usr/bin/cmake -E cmake_link_script CMakeFiles/cmTC_bcb05.dir/link.txt --verbose=1
/usr/bin/cc CMakeFiles/cmTC_bcb05.dir/src.c.o -o cmTC_bcb05 
gmake[1]: Leaving directory '/home/dev/uswitch/benchmark/bzip2/build/CMakeFiles/CMakeTmp'


Source file was:
int main(void) { return 0; }
Performing C SOURCE FILE Test C_FLAG__Wmissing_noreturn succeeded with the following output:
Change Dir: /home/dev/uswitch/benchmark/bzip2/build/CMakeFiles/CMakeTmp

Run Build Command(s):/usr/bin/gmake -f Makefile cmTC_15cd1/fast && /usr/bin/gmake  -f CMakeFiles/cmTC_15cd1.dir/build.make CMakeFiles/cmTC_15cd1.dir/build
gmake[1]: Entering directory '/home/dev/uswitch/benchmark/bzip2/build/CMakeFiles/CMakeTmp'
Building C object CMakeFiles/cmTC_15cd1.dir/src.c.o
/usr/bin/cc -DC_FLAG__Wmissing_noreturn  -Wmissing-noreturn -o CMakeFiles/cmTC_15cd1.dir/src.c.o -c /home/dev/uswitch/benchmark/bzip2/build/CMakeFiles/CMakeTmp/src.c
Linking C executable cmTC_15cd1
/usr/bin/cmake -E cmake_link_script CMakeFiles/cmTC_15cd1.dir/link.txt --verbose=1
/usr/bin/cc CMakeFiles/cmTC_15cd1.dir/src.c.o -o cmTC_15cd1 
gmake[1]: Leaving directory '/home/dev/uswitch/benchmark/bzip2/build/CMakeFiles/CMakeTmp'


Source file was:
int main(void) { return 0; }
Performing C SOURCE FILE Test C_FLAG__Wsign_conversion succeeded with the following output:
Change Dir: /home/dev/uswitch/benchmark/bzip2/build/CMakeFiles/CMakeTmp

Run Build Command(s):/usr/bin/gmake -f Makefile cmTC_46e29/fast && /usr/bin/gmake  -f CMakeFiles/cmTC_46e29.dir/build.make CMakeFiles/cmTC_46e29.dir/build
gmake[1]: Entering directory '/home/dev/uswitch/benchmark/bzip2/build/CMakeFiles/CMakeTmp'
Building C object CMakeFiles/cmTC_46e29.dir/src.c.o
/usr/bin/cc -DC_FLAG__Wsign_conversion  -Wsign-conversion -o CMakeFiles/cmTC_46e29.dir/src.c.o -c /home/dev/uswitch/benchmark/bzip2/build/CMakeFiles/CMakeTmp/src.c
Linking C executable cmTC_46e29
/usr/bin/cmake -E cmake_link_script CMakeFiles/cmTC_46e29.dir/link.txt --verbose=1
/usr/bin/cc CMakeFiles/cmTC_46e29.dir/src.c.o -o cmTC_46e29 
gmake[1]: Leaving directory '/home/dev/uswitch/benchmark/bzip2/build/CMakeFiles/CMakeTmp'


Source file was:
int main(void) { return 0; }
Performing C SOURCE FILE Test C_FLAG__Wunused_macros succeeded with the following output:
Change Dir: /home/dev/uswitch/benchmark/bzip2/build/CMakeFiles/CMakeTmp

Run Build Command(s):/usr/bin/gmake -f Makefile cmTC_602d6/fast && /usr/bin/gmake  -f CMakeFiles/cmTC_602d6.dir/build.make CMakeFiles/cmTC_602d6.dir/build
gmake[1]: Entering directory '/home/dev/uswitch/benchmark/bzip2/build/CMakeFiles/CMakeTmp'
Building C object CMakeFiles/cmTC_602d6.dir/src.c.o
/usr/bin/cc -DC_FLAG__Wunused_macros  -Wunused-macros -o CMakeFiles/cmTC_602d6.dir/src.c.o -c /home/dev/uswitch/benchmark/bzip2/build/CMakeFiles/CMakeTmp/src.c
Linking C executable cmTC_602d6
/usr/bin/cmake -E cmake_link_script CMakeFiles/cmTC_602d6.dir/link.txt --verbose=1
/usr/bin/cc CMakeFiles/cmTC_602d6.dir/src.c.o -o cmTC_602d6 
gmake[1]: Leaving directory '/home/dev/uswitch/benchmark/bzip2/build/CMakeFiles/CMakeTmp'


Source file was:
int main(void) { return 0; }
Performing C SOURCE FILE Test C_FLAG__Wunused_parameter succeeded with the following output:
Change Dir: /home/dev/uswitch/benchmark/bzip2/build/CMakeFiles/CMakeTmp

Run Build Command(s):/usr/bin/gmake -f Makefile cmTC_e5893/fast && /usr/bin/gmake  -f CMakeFiles/cmTC_e5893.dir/build.make CMakeFiles/cmTC_e5893.dir/build
gmake[1]: Entering directory '/home/dev/uswitch/benchmark/bzip2/build/CMakeFiles/CMakeTmp'
Building C object CMakeFiles/cmTC_e5893.dir/src.c.o
/usr/bin/cc -DC_FLAG__Wunused_parameter  -Wunused-parameter -o CMakeFiles/cmTC_e5893.dir/src.c.o -c /home/dev/uswitch/benchmark/bzip2/build/CMakeFiles/CMakeTmp/src.c
Linking C executable cmTC_e5893
/usr/bin/cmake -E cmake_link_script CMakeFiles/cmTC_e5893.dir/link.txt --verbose=1
/usr/bin/cc CMakeFiles/cmTC_e5893.dir/src.c.o -o cmTC_e5893 
gmake[1]: Leaving directory '/home/dev/uswitch/benchmark/bzip2/build/CMakeFiles/CMakeTmp'


Source file was:
int main(void) { return 0; }
Performing C SOURCE FILE Test C_FLAG__Wredundant_decls succeeded with the following output:
Change Dir: /home/dev/uswitch/benchmark/bzip2/build/CMakeFiles/CMakeTmp

Run Build Command(s):/usr/bin/gmake -f Makefile cmTC_176e3/fast && /usr/bin/gmake  -f CMakeFiles/cmTC_176e3.dir/build.make CMakeFiles/cmTC_176e3.dir/build
gmake[1]: Entering directory '/home/dev/uswitch/benchmark/bzip2/build/CMakeFiles/CMakeTmp'
Building C object CMakeFiles/cmTC_176e3.dir/src.c.o
/usr/bin/cc -DC_FLAG__Wredundant_decls  -Wredundant-decls -o CMakeFiles/cmTC_176e3.dir/src.c.o -c /home/dev/uswitch/benchmark/bzip2/build/CMakeFiles/CMakeTmp/src.c
Linking C executable cmTC_176e3
/usr/bin/cmake -E cmake_link_script CMakeFiles/cmTC_176e3.dir/link.txt --verbose=1
/usr/bin/cc CMakeFiles/cmTC_176e3.dir/src.c.o -o cmTC_176e3 
gmake[1]: Leaving directory '/home/dev/uswitch/benchmark/bzip2/build/CMakeFiles/CMakeTmp'


Source file was:
int main(void) { return 0; }
Performing C SOURCE FILE Test C_FLAG__Wno_format_nonliteral succeeded with the following output:
Change Dir: /home/dev/uswitch/benchmark/bzip2/build/CMakeFiles/CMakeTmp

Run Build Command(s):/usr/bin/gmake -f Makefile cmTC_e98dd/fast && /usr/bin/gmake  -f CMakeFiles/cmTC_e98dd.dir/build.make CMakeFiles/cmTC_e98dd.dir/build
gmake[1]: Entering directory '/home/dev/uswitch/benchmark/bzip2/build/CMakeFiles/CMakeTmp'
Building C object CMakeFiles/cmTC_e98dd.dir/src.c.o
/usr/bin/cc -DC_FLAG__Wno_format_nonliteral  -Wno-format-nonliteral -o CMakeFiles/cmTC_e98dd.dir/src.c.o -c /home/dev/uswitch/benchmark/bzip2/build/CMakeFiles/CMakeTmp/src.c
Linking C executable cmTC_e98dd
/usr/bin/cmake -E cmake_link_script CMakeFiles/cmTC_e98dd.dir/link.txt --verbose=1
/usr/bin/cc CMakeFiles/cmTC_e98dd.dir/src.c.o -o cmTC_e98dd 
gmake[1]: Leaving directory '/home/dev/uswitch/benchmark/bzip2/build/CMakeFiles/CMakeTmp'


Source file was:
int main(void) { return 0; }
