This file contains any messages produced by compilers while
running configure, to aid debugging if configure makes a mistake.

It was created by file configure 5.46, which was
generated by GNU Autoconf 2.71.  Invocation command line was

  $ ./configure --enable-shared=no

## --------- ##
## Platform. ##
## --------- ##

hostname = alistair
uname -m = x86_64
uname -r = 5.15.74
uname -s = Linux
uname -v = #1 SMP Wed Mar 12 14:00:13 UTC 2025

/usr/bin/uname -p = x86_64
/bin/uname -X     = unknown

/bin/arch              = x86_64
/usr/bin/arch -k       = unknown
/usr/convex/getsysinfo = unknown
/usr/bin/hostinfo      = unknown
/bin/machine           = unknown
/usr/bin/oslevel       = unknown
/bin/universe          = unknown

PATH: /home/dev/.local/bin/
PATH: /home/dev/.cargo/bin/
PATH: /usr/local/sbin/
PATH: /usr/local/bin/
PATH: /usr/sbin/
PATH: /usr/bin/
PATH: /sbin/
PATH: /bin/
PATH: /usr/games/
PATH: /usr/local/games/
PATH: /snap/bin/


## ----------- ##
## Core tests. ##
## ----------- ##

configure:2749: looking for aux files: ltmain.sh compile config.guess config.sub missing install-sh
configure:2762:  trying ./
configure:2791:   ./ltmain.sh found
configure:2791:   ./compile found
configure:2791:   ./config.guess found
configure:2791:   ./config.sub found
configure:2791:   ./missing found
configure:2773:   ./install-sh found
configure:2920: checking for a BSD-compatible install
configure:2993: result: /usr/bin/install -c
configure:3004: checking whether build environment is sane
configure:3059: result: yes
configure:3218: checking for a race-free mkdir -p
configure:3262: result: /usr/bin/mkdir -p
configure:3269: checking for gawk
configure:3290: found /usr/bin/gawk
configure:3301: result: gawk
configure:3312: checking whether make sets $(MAKE)
configure:3335: result: yes
configure:3365: checking whether make supports nested variables
configure:3383: result: yes
configure:3531: checking whether make supports nested variables
configure:3549: result: yes
configure:3565: checking for builtin ELF support
configure:3583: result: yes
configure:3592: checking for ELF core file support
configure:3610: result: yes
configure:3619: checking for zlib support
configure:3627: result: 
configure:3630: checking for bzlib support
configure:3638: result: 
configure:3641: checking for xzlib support
configure:3649: result: 
configure:3652: checking for zstdlib support
configure:3660: result: 
configure:3663: checking for lzlib support
configure:3671: result: 
configure:3674: checking for lrziplib support
configure:3682: result: 
configure:3685: checking for libseccomp support
configure:3693: result: 
configure:3696: checking for file formats in man section 5
configure:3713: result: no
configure:3726: checking build system type
configure:3741: result: x86_64-pc-linux-gnu
configure:3761: checking host system type
configure:3775: result: x86_64-pc-linux-gnu
configure:3889: checking for gcc
configure:3910: found /usr/bin/gcc
configure:3921: result: gcc
configure:4274: checking for C compiler version
configure:4283: gcc --version >&5
gcc (Ubuntu 11.4.0-1ubuntu1~22.04.2) 11.4.0
Copyright (C) 2021 Free Software Foundation, Inc.
This is free software; see the source for copying conditions.  There is NO
warranty; not even for MERCHANTABILITY or FITNESS FOR A PARTICULAR PURPOSE.

configure:4294: $? = 0
configure:4283: gcc -v >&5
Using built-in specs.
COLLECT_GCC=gcc
COLLECT_LTO_WRAPPER=/usr/lib/gcc/x86_64-linux-gnu/11/lto-wrapper
OFFLOAD_TARGET_NAMES=nvptx-none:amdgcn-amdhsa
OFFLOAD_TARGET_DEFAULT=1
Target: x86_64-linux-gnu
Configured with: ../src/configure -v --with-pkgversion='Ubuntu 11.4.0-1ubuntu1~22.04.2' --with-bugurl=file:///usr/share/doc/gcc-11/README.Bugs --enable-languages=c,ada,c++,go,brig,d,fortran,objc,obj-c++,m2 --prefix=/usr --with-gcc-major-version-only --program-suffix=-11 --program-prefix=x86_64-linux-gnu- --enable-shared --enable-linker-build-id --libexecdir=/usr/lib --without-included-gettext --enable-threads=posix --libdir=/usr/lib --enable-nls --enable-bootstrap --enable-clocale=gnu --enable-libstdcxx-debug --enable-libstdcxx-time=yes --with-default-libstdcxx-abi=new --enable-gnu-unique-object --disable-vtable-verify --enable-plugin --enable-default-pie --with-system-zlib --enable-libphobos-checking=release --with-target-system-zlib=auto --enable-objc-gc=auto --enable-multiarch --disable-werror --enable-cet --with-arch-32=i686 --with-abi=m64 --with-multilib-list=m32,m64,mx32 --enable-multilib --with-tune=generic --enable-offload-targets=nvptx-none=/build/gcc-11-2Y5pKs/gcc-11-11.4.0/debian/tmp-nvptx/usr,amdgcn-amdhsa=/build/gcc-11-2Y5pKs/gcc-11-11.4.0/debian/tmp-gcn/usr --without-cuda-driver --enable-checking=release --build=x86_64-linux-gnu --host=x86_64-linux-gnu --target=x86_64-linux-gnu --with-build-config=bootstrap-lto-lean --enable-link-serialization=2
Thread model: posix
Supported LTO compression algorithms: zlib zstd
gcc version 11.4.0 (Ubuntu 11.4.0-1ubuntu1~22.04.2) 
... rest of stderr output deleted ...
configure:4294: $? = 0
configure:4283: gcc -V >&5
gcc: error: unrecognized command-line option '-V'
gcc: fatal error: no input files
compilation terminated.
configure:4294: $? = 1
configure:4283: gcc -qversion >&5
gcc: error: unrecognized command-line option '-qversion'; did you mean '--version'?
gcc: fatal error: no input files
compilation terminated.
configure:4294: $? = 1
configure:4283: gcc -version >&5
gcc: error: unrecognized command-line option '-version'
gcc: fatal error: no input files
compilation terminated.
configure:4294: $? = 1
configure:4314: checking whether the C compiler works
configure:4336: gcc    conftest.c  >&5
configure:4340: $? = 0
configure:4390: result: yes
configure:4393: checking for C compiler default output file name
configure:4395: result: a.out
configure:4401: checking for suffix of executables
configure:4408: gcc -o conftest    conftest.c  >&5
configure:4412: $? = 0
configure:4435: result: 
configure:4457: checking whether we are cross compiling
configure:4465: gcc -o conftest    conftest.c  >&5
configure:4469: $? = 0
configure:4476: ./conftest
configure:4480: $? = 0
configure:4495: result: no
configure:4500: checking for suffix of object files
configure:4523: gcc -c   conftest.c >&5
configure:4527: $? = 0
configure:4549: result: o
configure:4553: checking whether the compiler supports GNU C
configure:4573: gcc -c   conftest.c >&5
configure:4573: $? = 0
configure:4583: result: yes
configure:4594: checking whether gcc accepts -g
configure:4615: gcc -c -g  conftest.c >&5
configure:4615: $? = 0
configure:4659: result: yes
configure:4679: checking for gcc option to enable C11 features
configure:4694: gcc  -c -g -O2  conftest.c >&5
configure:4694: $? = 0
configure:4712: result: none needed
configure:4828: checking whether gcc understands -c and -o together
configure:4851: gcc -c conftest.c -o conftest2.o
configure:4854: $? = 0
configure:4851: gcc -c conftest.c -o conftest2.o
configure:4854: $? = 0
configure:4866: result: yes
configure:4886: checking whether make supports the include directive
configure:4901: make -f confmf.GNU && cat confinc.out
this is the am__doit target
configure:4904: $? = 0
configure:4923: result: yes (GNU style)
configure:4949: checking dependency style of gcc
configure:5061: result: gcc3
configure:5081: checking for stdio.h
configure:5081: gcc -c -g -O2  conftest.c >&5
configure:5081: $? = 0
configure:5081: result: yes
configure:5081: checking for stdlib.h
configure:5081: gcc -c -g -O2  conftest.c >&5
configure:5081: $? = 0
configure:5081: result: yes
configure:5081: checking for string.h
configure:5081: gcc -c -g -O2  conftest.c >&5
configure:5081: $? = 0
configure:5081: result: yes
configure:5081: checking for inttypes.h
configure:5081: gcc -c -g -O2  conftest.c >&5
configure:5081: $? = 0
configure:5081: result: yes
configure:5081: checking for stdint.h
configure:5081: gcc -c -g -O2  conftest.c >&5
configure:5081: $? = 0
configure:5081: result: yes
configure:5081: checking for strings.h
configure:5081: gcc -c -g -O2  conftest.c >&5
configure:5081: $? = 0
configure:5081: result: yes
configure:5081: checking for sys/stat.h
configure:5081: gcc -c -g -O2  conftest.c >&5
configure:5081: $? = 0
configure:5081: result: yes
configure:5081: checking for sys/types.h
configure:5081: gcc -c -g -O2  conftest.c >&5
configure:5081: $? = 0
configure:5081: result: yes
configure:5081: checking for unistd.h
configure:5081: gcc -c -g -O2  conftest.c >&5
configure:5081: $? = 0
configure:5081: result: yes
configure:5081: checking for wchar.h
configure:5081: gcc -c -g -O2  conftest.c >&5
configure:5081: $? = 0
configure:5081: result: yes
configure:5081: checking for minix/config.h
configure:5081: gcc -c -g -O2  conftest.c >&5
conftest.c:51:10: fatal error: minix/config.h: No such file or directory
   51 | #include <minix/config.h>
      |          ^~~~~~~~~~~~~~~~
compilation terminated.
configure:5081: $? = 1
configure: failed program was:
| /* confdefs.h */
| #define PACKAGE_NAME "file"
| #define PACKAGE_TARNAME "file"
| #define PACKAGE_VERSION "5.46"
| #define PACKAGE_STRING "file 5.46"
| #define PACKAGE_BUGREPORT "christos@astron.com"
| #define PACKAGE_URL ""
| #define PACKAGE "file"
| #define VERSION "5.46"
| #define BUILTIN_ELF 1
| #define ELFCORE 1
| #define HAVE_STDIO_H 1
| #define HAVE_STDLIB_H 1
| #define HAVE_STRING_H 1
| #define HAVE_INTTYPES_H 1
| #define HAVE_STDINT_H 1
| #define HAVE_STRINGS_H 1
| #define HAVE_SYS_STAT_H 1
| #define HAVE_SYS_TYPES_H 1
| #define HAVE_UNISTD_H 1
| #define HAVE_WCHAR_H 1
| /* end confdefs.h.  */
| #include <stddef.h>
| #ifdef HAVE_STDIO_H
| # include <stdio.h>
| #endif
| #ifdef HAVE_STDLIB_H
| # include <stdlib.h>
| #endif
| #ifdef HAVE_STRING_H
| # include <string.h>
| #endif
| #ifdef HAVE_INTTYPES_H
| # include <inttypes.h>
| #endif
| #ifdef HAVE_STDINT_H
| # include <stdint.h>
| #endif
| #ifdef HAVE_STRINGS_H
| # include <strings.h>
| #endif
| #ifdef HAVE_SYS_TYPES_H
| # include <sys/types.h>
| #endif
| #ifdef HAVE_SYS_STAT_H
| # include <sys/stat.h>
| #endif
| #ifdef HAVE_UNISTD_H
| # include <unistd.h>
| #endif
| #include <minix/config.h>
configure:5081: result: no
configure:5081: checking for sys/param.h
configure:5081: gcc -c -g -O2  conftest.c >&5
configure:5081: $? = 0
configure:5081: result: yes
configure:5081: checking for vfork.h
configure:5081: gcc -c -g -O2  conftest.c >&5
conftest.c:52:10: fatal error: vfork.h: No such file or directory
   52 | #include <vfork.h>
      |          ^~~~~~~~~
compilation terminated.
configure:5081: $? = 1
configure: failed program was:
| /* confdefs.h */
| #define PACKAGE_NAME "file"
| #define PACKAGE_TARNAME "file"
| #define PACKAGE_VERSION "5.46"
| #define PACKAGE_STRING "file 5.46"
| #define PACKAGE_BUGREPORT "christos@astron.com"
| #define PACKAGE_URL ""
| #define PACKAGE "file"
| #define VERSION "5.46"
| #define BUILTIN_ELF 1
| #define ELFCORE 1
| #define HAVE_STDIO_H 1
| #define HAVE_STDLIB_H 1
| #define HAVE_STRING_H 1
| #define HAVE_INTTYPES_H 1
| #define HAVE_STDINT_H 1
| #define HAVE_STRINGS_H 1
| #define HAVE_SYS_STAT_H 1
| #define HAVE_SYS_TYPES_H 1
| #define HAVE_UNISTD_H 1
| #define HAVE_WCHAR_H 1
| #define HAVE_SYS_PARAM_H 1
| /* end confdefs.h.  */
| #include <stddef.h>
| #ifdef HAVE_STDIO_H
| # include <stdio.h>
| #endif
| #ifdef HAVE_STDLIB_H
| # include <stdlib.h>
| #endif
| #ifdef HAVE_STRING_H
| # include <string.h>
| #endif
| #ifdef HAVE_INTTYPES_H
| # include <inttypes.h>
| #endif
| #ifdef HAVE_STDINT_H
| # include <stdint.h>
| #endif
| #ifdef HAVE_STRINGS_H
| # include <strings.h>
| #endif
| #ifdef HAVE_SYS_TYPES_H
| # include <sys/types.h>
| #endif
| #ifdef HAVE_SYS_STAT_H
| # include <sys/stat.h>
| #endif
| #ifdef HAVE_UNISTD_H
| # include <unistd.h>
| #endif
| #include <vfork.h>
configure:5081: result: no
configure:5112: checking whether it is safe to define __EXTENSIONS__
configure:5131: gcc -c -g -O2  conftest.c >&5
configure:5131: $? = 0
configure:5139: result: yes
configure:5142: checking whether _XOPEN_SOURCE should be defined
configure:5164: gcc -c -g -O2  conftest.c >&5
configure:5164: $? = 0
configure:5191: result: no
configure:5248: checking whether byte ordering is bigendian
configure:5264: gcc -c -g -O2  conftest.c >&5
conftest.c:42:16: error: unknown type name 'not'
   42 |                not a universal capable compiler
      |                ^~~
conftest.c:42:22: error: expected '=', ',', ';', 'asm' or '__attribute__' before 'universal'
   42 |                not a universal capable compiler
      |                      ^~~~~~~~~
conftest.c:42:22: error: unknown type name 'universal'
configure:5264: $? = 1
configure: failed program was:
| /* confdefs.h */
| #define PACKAGE_NAME "file"
| #define PACKAGE_TARNAME "file"
| #define PACKAGE_VERSION "5.46"
| #define PACKAGE_STRING "file 5.46"
| #define PACKAGE_BUGREPORT "christos@astron.com"
| #define PACKAGE_URL ""
| #define PACKAGE "file"
| #define VERSION "5.46"
| #define BUILTIN_ELF 1
| #define ELFCORE 1
| #define HAVE_STDIO_H 1
| #define HAVE_STDLIB_H 1
| #define HAVE_STRING_H 1
| #define HAVE_INTTYPES_H 1
| #define HAVE_STDINT_H 1
| #define HAVE_STRINGS_H 1
| #define HAVE_SYS_STAT_H 1
| #define HAVE_SYS_TYPES_H 1
| #define HAVE_UNISTD_H 1
| #define HAVE_WCHAR_H 1
| #define HAVE_SYS_PARAM_H 1
| #define STDC_HEADERS 1
| #define _ALL_SOURCE 1
| #define _DARWIN_C_SOURCE 1
| #define _GNU_SOURCE 1
| #define _HPUX_ALT_XOPEN_SOCKET_API 1
| #define _NETBSD_SOURCE 1
| #define _OPENBSD_SOURCE 1
| #define _POSIX_PTHREAD_SEMANTICS 1
| #define __STDC_WANT_IEC_60559_ATTRIBS_EXT__ 1
| #define __STDC_WANT_IEC_60559_BFP_EXT__ 1
| #define __STDC_WANT_IEC_60559_DFP_EXT__ 1
| #define __STDC_WANT_IEC_60559_FUNCS_EXT__ 1
| #define __STDC_WANT_IEC_60559_TYPES_EXT__ 1
| #define __STDC_WANT_LIB_EXT2__ 1
| #define __STDC_WANT_MATH_SPEC_FUNCS__ 1
| #define _TANDEM_SOURCE 1
| #define __EXTENSIONS__ 1
| /* end confdefs.h.  */
| #ifndef __APPLE_CC__
| 	       not a universal capable compiler
| 	     #endif
| 	     typedef int dummy;
| 
configure:5310: gcc -c -g -O2  conftest.c >&5
configure:5310: $? = 0
configure:5329: gcc -c -g -O2  conftest.c >&5
conftest.c: In function 'main':
conftest.c:48:18: error: unknown type name 'not'; did you mean 'ino_t'?
   48 |                  not big endian
      |                  ^~~
      |                  ino_t
conftest.c:48:26: error: expected '=', ',', ';', 'asm' or '__attribute__' before 'endian'
   48 |                  not big endian
      |                          ^~~~~~
configure:5329: $? = 1
configure: failed program was:
| /* confdefs.h */
| #define PACKAGE_NAME "file"
| #define PACKAGE_TARNAME "file"
| #define PACKAGE_VERSION "5.46"
| #define PACKAGE_STRING "file 5.46"
| #define PACKAGE_BUGREPORT "christos@astron.com"
| #define PACKAGE_URL ""
| #define PACKAGE "file"
| #define VERSION "5.46"
| #define BUILTIN_ELF 1
| #define ELFCORE 1
| #define HAVE_STDIO_H 1
| #define HAVE_STDLIB_H 1
| #define HAVE_STRING_H 1
| #define HAVE_INTTYPES_H 1
| #define HAVE_STDINT_H 1
| #define HAVE_STRINGS_H 1
| #define HAVE_SYS_STAT_H 1
| #define HAVE_SYS_TYPES_H 1
| #define HAVE_UNISTD_H 1
| #define HAVE_WCHAR_H 1
| #define HAVE_SYS_PARAM_H 1
| #define STDC_HEADERS 1
| #define _ALL_SOURCE 1
| #define _DARWIN_C_SOURCE 1
| #define _GNU_SOURCE 1
| #define _HPUX_ALT_XOPEN_SOCKET_API 1
| #define _NETBSD_SOURCE 1
| #define _OPENBSD_SOURCE 1
| #define _POSIX_PTHREAD_SEMANTICS 1
| #define __STDC_WANT_IEC_60559_ATTRIBS_EXT__ 1
| #define __STDC_WANT_IEC_60559_BFP_EXT__ 1
| #define __STDC_WANT_IEC_60559_DFP_EXT__ 1
| #define __STDC_WANT_IEC_60559_FUNCS_EXT__ 1
| #define __STDC_WANT_IEC_60559_TYPES_EXT__ 1
| #define __STDC_WANT_LIB_EXT2__ 1
| #define __STDC_WANT_MATH_SPEC_FUNCS__ 1
| #define _TANDEM_SOURCE 1
| #define __EXTENSIONS__ 1
| /* end confdefs.h.  */
| #include <sys/types.h>
| 		#include <sys/param.h>
| 
| int
| main (void)
| {
| #if BYTE_ORDER != BIG_ENDIAN
| 		 not big endian
| 		#endif
| 
|   ;
|   return 0;
| }
configure:5463: result: no
configure:5482: checking whether ln -s works
configure:5486: result: yes
configure:5540: checking how to print strings
configure:5567: result: printf
configure:5588: checking for a sed that does not truncate output
configure:5658: result: /usr/bin/sed
configure:5676: checking for grep that handles long lines and -e
configure:5740: result: /usr/bin/grep
configure:5745: checking for egrep
configure:5813: result: /usr/bin/grep -E
configure:5818: checking for fgrep
configure:5886: result: /usr/bin/grep -F
configure:5922: checking for ld used by gcc
configure:5990: result: /usr/bin/ld
configure:5997: checking if the linker (/usr/bin/ld) is GNU ld
configure:6013: result: yes
configure:6025: checking for BSD- or MS-compatible name lister (nm)
configure:6080: result: /usr/bin/nm -B
configure:6220: checking the name lister (/usr/bin/nm -B) interface
configure:6228: gcc -c -g -O2  conftest.c >&5
configure:6231: /usr/bin/nm -B "conftest.o"
configure:6234: output
0000000000000000 B some_variable
configure:6241: result: BSD nm
configure:6245: checking the maximum length of command line arguments
configure:6377: result: 1572864
configure:6425: checking how to convert x86_64-pc-linux-gnu file names to x86_64-pc-linux-gnu format
configure:6466: result: func_convert_file_noop
configure:6473: checking how to convert x86_64-pc-linux-gnu file names to toolchain format
configure:6494: result: func_convert_file_noop
configure:6501: checking for /usr/bin/ld option to reload object files
configure:6509: result: -r
configure:6588: checking for objdump
configure:6609: found /usr/bin/objdump
configure:6620: result: objdump
configure:6652: checking how to recognize dependent libraries
configure:6853: result: pass_all
configure:6943: checking for dlltool
configure:6978: result: no
configure:7008: checking how to associate runtime and link libraries
configure:7036: result: printf %s\n
configure:7101: checking for ar
configure:7122: found /usr/bin/ar
configure:7133: result: ar
configure:7170: checking for archiver @FILE support
configure:7188: gcc -c -g -O2  conftest.c >&5
configure:7188: $? = 0
configure:7192: ar cr libconftest.a @conftest.lst >&5
configure:7195: $? = 0
configure:7200: ar cr libconftest.a @conftest.lst >&5
ar: conftest.o: No such file or directory
configure:7203: $? = 1
configure:7215: result: @
configure:7278: checking for strip
configure:7299: found /usr/bin/strip
configure:7310: result: strip
configure:7387: checking for ranlib
configure:7408: found /usr/bin/ranlib
configure:7419: result: ranlib
configure:7521: checking command to parse /usr/bin/nm -B output from gcc object
configure:7675: gcc -c -g -O2  conftest.c >&5
configure:7678: $? = 0
configure:7682: /usr/bin/nm -B conftest.o | sed -n -e 's/^.*[	 ]\([ABCDGIRSTW][ABCDGIRSTW]*\)[	 ][	 ]*\([_A-Za-z][_A-Za-z0-9]*\)$/\1 \2 \2/p' | sed '/ __gnu_lto/d' > conftest.nm
configure:7748: gcc -o conftest -g -O2   conftest.c conftstm.o >&5
configure:7751: $? = 0
configure:7789: result: ok
configure:7836: checking for sysroot
configure:7867: result: no
configure:7874: checking for a working dd
configure:7918: result: /usr/bin/dd
configure:7922: checking how to truncate binary pipes
configure:7938: result: /usr/bin/dd bs=4096 count=1
configure:8075: gcc -c -g -O2  conftest.c >&5
configure:8078: $? = 0
configure:8275: checking for mt
configure:8296: found /usr/bin/mt
configure:8307: result: mt
configure:8330: checking if mt is a manifest tool
configure:8337: mt '-?'
configure:8345: result: no
configure:9071: checking for dlfcn.h
configure:9071: gcc -c -g -O2  conftest.c >&5
configure:9071: $? = 0
configure:9071: result: yes
configure:9328: checking for objdir
configure:9344: result: .libs
configure:9608: checking if gcc supports -fno-rtti -fno-exceptions
configure:9627: gcc -c -g -O2  -fno-rtti -fno-exceptions conftest.c >&5
cc1: warning: command-line option '-fno-rtti' is valid for C++/D/ObjC++ but not for C
configure:9631: $? = 0
configure:9644: result: no
configure:10008: checking for gcc option to produce PIC
configure:10016: result: -fPIC -DPIC
configure:10024: checking if gcc PIC flag -fPIC -DPIC works
configure:10043: gcc -c -g -O2  -fPIC -DPIC -DPIC conftest.c >&5
configure:10047: $? = 0
configure:10060: result: yes
configure:10089: checking if gcc static flag -static works
configure:10118: result: yes
configure:10133: checking if gcc supports -c -o file.o
configure:10155: gcc -c -g -O2  -o out/conftest2.o conftest.c >&5
configure:10159: $? = 0
configure:10181: result: yes
configure:10189: checking if gcc supports -c -o file.o
configure:10237: result: yes
configure:10270: checking whether the gcc linker (/usr/bin/ld -m elf_x86_64) supports shared libraries
configure:11540: result: yes
configure:11781: checking dynamic linker characteristics
configure:12363: gcc -o conftest -g -O2   -Wl,-rpath -Wl,/foo conftest.c  >&5
configure:12363: $? = 0
configure:12614: result: GNU/Linux ld.so
configure:12736: checking how to hardcode library paths into programs
configure:12761: result: immediate
configure:13313: checking whether stripping libraries is possible
configure:13318: result: yes
configure:13353: checking if libtool supports shared libraries
configure:13355: result: yes
configure:13358: checking whether to build shared libraries
configure:13383: result: no
configure:13386: checking whether to build static libraries
configure:13390: result: yes
configure:13432: checking whether the -Werror option is usable
configure:13452: gcc -c -g -O2 -Werror  conftest.c >&5
configure:13452: $? = 0
configure:13462: result: yes
configure:13464: checking for simple visibility declarations
configure:13492: gcc -c -g -O2 -fvisibility=hidden -Werror  conftest.c >&5
configure:13492: $? = 0
configure:13502: result: yes
configure:13516: checking for sys/mkdev.h
configure:13516: gcc -c -g -O2  conftest.c >&5
conftest.c:72:10: fatal error: sys/mkdev.h: No such file or directory
   72 | #include <sys/mkdev.h>
      |          ^~~~~~~~~~~~~
compilation terminated.
configure:13516: $? = 1
configure: failed program was:
| /* confdefs.h */
| #define PACKAGE_NAME "file"
| #define PACKAGE_TARNAME "file"
| #define PACKAGE_VERSION "5.46"
| #define PACKAGE_STRING "file 5.46"
| #define PACKAGE_BUGREPORT "christos@astron.com"
| #define PACKAGE_URL ""
| #define PACKAGE "file"
| #define VERSION "5.46"
| #define BUILTIN_ELF 1
| #define ELFCORE 1
| #define HAVE_STDIO_H 1
| #define HAVE_STDLIB_H 1
| #define HAVE_STRING_H 1
| #define HAVE_INTTYPES_H 1
| #define HAVE_STDINT_H 1
| #define HAVE_STRINGS_H 1
| #define HAVE_SYS_STAT_H 1
| #define HAVE_SYS_TYPES_H 1
| #define HAVE_UNISTD_H 1
| #define HAVE_WCHAR_H 1
| #define HAVE_SYS_PARAM_H 1
| #define STDC_HEADERS 1
| #define _ALL_SOURCE 1
| #define _DARWIN_C_SOURCE 1
| #define _GNU_SOURCE 1
| #define _HPUX_ALT_XOPEN_SOCKET_API 1
| #define _NETBSD_SOURCE 1
| #define _OPENBSD_SOURCE 1
| #define _POSIX_PTHREAD_SEMANTICS 1
| #define __STDC_WANT_IEC_60559_ATTRIBS_EXT__ 1
| #define __STDC_WANT_IEC_60559_BFP_EXT__ 1
| #define __STDC_WANT_IEC_60559_DFP_EXT__ 1
| #define __STDC_WANT_IEC_60559_FUNCS_EXT__ 1
| #define __STDC_WANT_IEC_60559_TYPES_EXT__ 1
| #define __STDC_WANT_LIB_EXT2__ 1
| #define __STDC_WANT_MATH_SPEC_FUNCS__ 1
| #define _TANDEM_SOURCE 1
| #define __EXTENSIONS__ 1
| #define HAVE_DLFCN_H 1
| #define LT_OBJDIR ".libs/"
| #define HAVE_VISIBILITY 1
| /* end confdefs.h.  */
| #include <stddef.h>
| #ifdef HAVE_STDIO_H
| # include <stdio.h>
| #endif
| #ifdef HAVE_STDLIB_H
| # include <stdlib.h>
| #endif
| #ifdef HAVE_STRING_H
| # include <string.h>
| #endif
| #ifdef HAVE_INTTYPES_H
| # include <inttypes.h>
| #endif
| #ifdef HAVE_STDINT_H
| # include <stdint.h>
| #endif
| #ifdef HAVE_STRINGS_H
| # include <strings.h>
| #endif
| #ifdef HAVE_SYS_TYPES_H
| # include <sys/types.h>
| #endif
| #ifdef HAVE_SYS_STAT_H
| # include <sys/stat.h>
| #endif
| #ifdef HAVE_UNISTD_H
| # include <unistd.h>
| #endif
| #include <sys/mkdev.h>
configure:13516: result: no
configure:13525: checking for sys/sysmacros.h
configure:13525: gcc -c -g -O2  conftest.c >&5
configure:13525: $? = 0
configure:13525: result: yes
configure:13535: checking for sys/wait.h that is POSIX.1 compatible
configure:13562: gcc -c -g -O2  conftest.c >&5
configure:13562: $? = 0
configure:13570: result: yes
configure:13578: checking for stdint.h
configure:13578: result: yes
configure:13584: checking for fcntl.h
configure:13584: gcc -c -g -O2  conftest.c >&5
configure:13584: $? = 0
configure:13584: result: yes
configure:13590: checking for inttypes.h
configure:13590: result: yes
configure:13596: checking for unistd.h
configure:13596: result: yes
configure:13602: checking for byteswap.h
configure:13602: gcc -c -g -O2  conftest.c >&5
configure:13602: $? = 0
configure:13602: result: yes
configure:13609: checking for spawn.h
configure:13609: gcc -c -g -O2  conftest.c >&5
configure:13609: $? = 0
configure:13609: result: yes
configure:13615: checking for utime.h
configure:13615: gcc -c -g -O2  conftest.c >&5
configure:13615: $? = 0
configure:13615: result: yes
configure:13621: checking for wchar.h
configure:13621: result: yes
configure:13627: checking for wctype.h
configure:13627: gcc -c -g -O2  conftest.c >&5
configure:13627: $? = 0
configure:13627: result: yes
configure:13634: checking for getopt.h
configure:13634: gcc -c -g -O2  conftest.c >&5
configure:13634: $? = 0
configure:13634: result: yes
configure:13640: checking for err.h
configure:13640: gcc -c -g -O2  conftest.c >&5
configure:13640: $? = 0
configure:13640: result: yes
configure:13646: checking for xlocale.h
configure:13646: gcc -c -g -O2  conftest.c >&5
conftest.c:85:10: fatal error: xlocale.h: No such file or directory
   85 | #include <xlocale.h>
      |          ^~~~~~~~~~~
compilation terminated.
configure:13646: $? = 1
configure: failed program was:
| /* confdefs.h */
| #define PACKAGE_NAME "file"
| #define PACKAGE_TARNAME "file"
| #define PACKAGE_VERSION "5.46"
| #define PACKAGE_STRING "file 5.46"
| #define PACKAGE_BUGREPORT "christos@astron.com"
| #define PACKAGE_URL ""
| #define PACKAGE "file"
| #define VERSION "5.46"
| #define BUILTIN_ELF 1
| #define ELFCORE 1
| #define HAVE_STDIO_H 1
| #define HAVE_STDLIB_H 1
| #define HAVE_STRING_H 1
| #define HAVE_INTTYPES_H 1
| #define HAVE_STDINT_H 1
| #define HAVE_STRINGS_H 1
| #define HAVE_SYS_STAT_H 1
| #define HAVE_SYS_TYPES_H 1
| #define HAVE_UNISTD_H 1
| #define HAVE_WCHAR_H 1
| #define HAVE_SYS_PARAM_H 1
| #define STDC_HEADERS 1
| #define _ALL_SOURCE 1
| #define _DARWIN_C_SOURCE 1
| #define _GNU_SOURCE 1
| #define _HPUX_ALT_XOPEN_SOCKET_API 1
| #define _NETBSD_SOURCE 1
| #define _OPENBSD_SOURCE 1
| #define _POSIX_PTHREAD_SEMANTICS 1
| #define __STDC_WANT_IEC_60559_ATTRIBS_EXT__ 1
| #define __STDC_WANT_IEC_60559_BFP_EXT__ 1
| #define __STDC_WANT_IEC_60559_DFP_EXT__ 1
| #define __STDC_WANT_IEC_60559_FUNCS_EXT__ 1
| #define __STDC_WANT_IEC_60559_TYPES_EXT__ 1
| #define __STDC_WANT_LIB_EXT2__ 1
| #define __STDC_WANT_MATH_SPEC_FUNCS__ 1
| #define _TANDEM_SOURCE 1
| #define __EXTENSIONS__ 1
| #define HAVE_DLFCN_H 1
| #define LT_OBJDIR ".libs/"
| #define HAVE_VISIBILITY 1
| #define MAJOR_IN_SYSMACROS 1
| #define HAVE_SYS_WAIT_H 1
| #define HAVE_STDINT_H 1
| #define HAVE_FCNTL_H 1
| #define HAVE_INTTYPES_H 1
| #define HAVE_UNISTD_H 1
| #define HAVE_BYTESWAP_H 1
| #define HAVE_SPAWN_H 1
| #define HAVE_UTIME_H 1
| #define HAVE_WCHAR_H 1
| #define HAVE_WCTYPE_H 1
| #define HAVE_GETOPT_H 1
| #define HAVE_ERR_H 1
| /* end confdefs.h.  */
| #include <stddef.h>
| #ifdef HAVE_STDIO_H
| # include <stdio.h>
| #endif
| #ifdef HAVE_STDLIB_H
| # include <stdlib.h>
| #endif
| #ifdef HAVE_STRING_H
| # include <string.h>
| #endif
| #ifdef HAVE_INTTYPES_H
| # include <inttypes.h>
| #endif
| #ifdef HAVE_STDINT_H
| # include <stdint.h>
| #endif
| #ifdef HAVE_STRINGS_H
| # include <strings.h>
| #endif
| #ifdef HAVE_SYS_TYPES_H
| # include <sys/types.h>
| #endif
| #ifdef HAVE_SYS_STAT_H
| # include <sys/stat.h>
| #endif
| #ifdef HAVE_UNISTD_H
| # include <unistd.h>
| #endif
| #include <xlocale.h>
configure:13646: result: no
configure:13653: checking for sys/bswap.h
configure:13653: gcc -c -g -O2  conftest.c >&5
conftest.c:85:10: fatal error: sys/bswap.h: No such file or directory
   85 | #include <sys/bswap.h>
      |          ^~~~~~~~~~~~~
compilation terminated.
configure:13653: $? = 1
configure: failed program was:
| /* confdefs.h */
| #define PACKAGE_NAME "file"
| #define PACKAGE_TARNAME "file"
| #define PACKAGE_VERSION "5.46"
| #define PACKAGE_STRING "file 5.46"
| #define PACKAGE_BUGREPORT "christos@astron.com"
| #define PACKAGE_URL ""
| #define PACKAGE "file"
| #define VERSION "5.46"
| #define BUILTIN_ELF 1
| #define ELFCORE 1
| #define HAVE_STDIO_H 1
| #define HAVE_STDLIB_H 1
| #define HAVE_STRING_H 1
| #define HAVE_INTTYPES_H 1
| #define HAVE_STDINT_H 1
| #define HAVE_STRINGS_H 1
| #define HAVE_SYS_STAT_H 1
| #define HAVE_SYS_TYPES_H 1
| #define HAVE_UNISTD_H 1
| #define HAVE_WCHAR_H 1
| #define HAVE_SYS_PARAM_H 1
| #define STDC_HEADERS 1
| #define _ALL_SOURCE 1
| #define _DARWIN_C_SOURCE 1
| #define _GNU_SOURCE 1
| #define _HPUX_ALT_XOPEN_SOCKET_API 1
| #define _NETBSD_SOURCE 1
| #define _OPENBSD_SOURCE 1
| #define _POSIX_PTHREAD_SEMANTICS 1
| #define __STDC_WANT_IEC_60559_ATTRIBS_EXT__ 1
| #define __STDC_WANT_IEC_60559_BFP_EXT__ 1
| #define __STDC_WANT_IEC_60559_DFP_EXT__ 1
| #define __STDC_WANT_IEC_60559_FUNCS_EXT__ 1
| #define __STDC_WANT_IEC_60559_TYPES_EXT__ 1
| #define __STDC_WANT_LIB_EXT2__ 1
| #define __STDC_WANT_MATH_SPEC_FUNCS__ 1
| #define _TANDEM_SOURCE 1
| #define __EXTENSIONS__ 1
| #define HAVE_DLFCN_H 1
| #define LT_OBJDIR ".libs/"
| #define HAVE_VISIBILITY 1
| #define MAJOR_IN_SYSMACROS 1
| #define HAVE_SYS_WAIT_H 1
| #define HAVE_STDINT_H 1
| #define HAVE_FCNTL_H 1
| #define HAVE_INTTYPES_H 1
| #define HAVE_UNISTD_H 1
| #define HAVE_BYTESWAP_H 1
| #define HAVE_SPAWN_H 1
| #define HAVE_UTIME_H 1
| #define HAVE_WCHAR_H 1
| #define HAVE_WCTYPE_H 1
| #define HAVE_GETOPT_H 1
| #define HAVE_ERR_H 1
| /* end confdefs.h.  */
| #include <stddef.h>
| #ifdef HAVE_STDIO_H
| # include <stdio.h>
| #endif
| #ifdef HAVE_STDLIB_H
| # include <stdlib.h>
| #endif
| #ifdef HAVE_STRING_H
| # include <string.h>
| #endif
| #ifdef HAVE_INTTYPES_H
| # include <inttypes.h>
| #endif
| #ifdef HAVE_STDINT_H
| # include <stdint.h>
| #endif
| #ifdef HAVE_STRINGS_H
| # include <strings.h>
| #endif
| #ifdef HAVE_SYS_TYPES_H
| # include <sys/types.h>
| #endif
| #ifdef HAVE_SYS_STAT_H
| # include <sys/stat.h>
| #endif
| #ifdef HAVE_UNISTD_H
| # include <unistd.h>
| #endif
| #include <sys/bswap.h>
configure:13653: result: no
configure:13659: checking for sys/mman.h
configure:13659: gcc -c -g -O2  conftest.c >&5
configure:13659: $? = 0
configure:13659: result: yes
configure:13665: checking for sys/stat.h
configure:13665: result: yes
configure:13671: checking for sys/types.h
configure:13671: result: yes
configure:13677: checking for sys/utime.h
configure:13677: gcc -c -g -O2  conftest.c >&5
conftest.c:88:10: fatal error: sys/utime.h: No such file or directory
   88 | #include <sys/utime.h>
      |          ^~~~~~~~~~~~~
compilation terminated.
configure:13677: $? = 1
configure: failed program was:
| /* confdefs.h */
| #define PACKAGE_NAME "file"
| #define PACKAGE_TARNAME "file"
| #define PACKAGE_VERSION "5.46"
| #define PACKAGE_STRING "file 5.46"
| #define PACKAGE_BUGREPORT "christos@astron.com"
| #define PACKAGE_URL ""
| #define PACKAGE "file"
| #define VERSION "5.46"
| #define BUILTIN_ELF 1
| #define ELFCORE 1
| #define HAVE_STDIO_H 1
| #define HAVE_STDLIB_H 1
| #define HAVE_STRING_H 1
| #define HAVE_INTTYPES_H 1
| #define HAVE_STDINT_H 1
| #define HAVE_STRINGS_H 1
| #define HAVE_SYS_STAT_H 1
| #define HAVE_SYS_TYPES_H 1
| #define HAVE_UNISTD_H 1
| #define HAVE_WCHAR_H 1
| #define HAVE_SYS_PARAM_H 1
| #define STDC_HEADERS 1
| #define _ALL_SOURCE 1
| #define _DARWIN_C_SOURCE 1
| #define _GNU_SOURCE 1
| #define _HPUX_ALT_XOPEN_SOCKET_API 1
| #define _NETBSD_SOURCE 1
| #define _OPENBSD_SOURCE 1
| #define _POSIX_PTHREAD_SEMANTICS 1
| #define __STDC_WANT_IEC_60559_ATTRIBS_EXT__ 1
| #define __STDC_WANT_IEC_60559_BFP_EXT__ 1
| #define __STDC_WANT_IEC_60559_DFP_EXT__ 1
| #define __STDC_WANT_IEC_60559_FUNCS_EXT__ 1
| #define __STDC_WANT_IEC_60559_TYPES_EXT__ 1
| #define __STDC_WANT_LIB_EXT2__ 1
| #define __STDC_WANT_MATH_SPEC_FUNCS__ 1
| #define _TANDEM_SOURCE 1
| #define __EXTENSIONS__ 1
| #define HAVE_DLFCN_H 1
| #define LT_OBJDIR ".libs/"
| #define HAVE_VISIBILITY 1
| #define MAJOR_IN_SYSMACROS 1
| #define HAVE_SYS_WAIT_H 1
| #define HAVE_STDINT_H 1
| #define HAVE_FCNTL_H 1
| #define HAVE_INTTYPES_H 1
| #define HAVE_UNISTD_H 1
| #define HAVE_BYTESWAP_H 1
| #define HAVE_SPAWN_H 1
| #define HAVE_UTIME_H 1
| #define HAVE_WCHAR_H 1
| #define HAVE_WCTYPE_H 1
| #define HAVE_GETOPT_H 1
| #define HAVE_ERR_H 1
| #define HAVE_SYS_MMAN_H 1
| #define HAVE_SYS_STAT_H 1
| #define HAVE_SYS_TYPES_H 1
| /* end confdefs.h.  */
| #include <stddef.h>
| #ifdef HAVE_STDIO_H
| # include <stdio.h>
| #endif
| #ifdef HAVE_STDLIB_H
| # include <stdlib.h>
| #endif
| #ifdef HAVE_STRING_H
| # include <string.h>
| #endif
| #ifdef HAVE_INTTYPES_H
| # include <inttypes.h>
| #endif
| #ifdef HAVE_STDINT_H
| # include <stdint.h>
| #endif
| #ifdef HAVE_STRINGS_H
| # include <strings.h>
| #endif
| #ifdef HAVE_SYS_TYPES_H
| # include <sys/types.h>
| #endif
| #ifdef HAVE_SYS_STAT_H
| # include <sys/stat.h>
| #endif
| #ifdef HAVE_UNISTD_H
| # include <unistd.h>
| #endif
| #include <sys/utime.h>
configure:13677: result: no
configure:13683: checking for sys/time.h
configure:13683: gcc -c -g -O2  conftest.c >&5
configure:13683: $? = 0
configure:13683: result: yes
configure:13689: checking for sys/sysmacros.h
configure:13689: result: yes
configure:13695: checking for sys/ioctl.h
configure:13695: gcc -c -g -O2  conftest.c >&5
configure:13695: $? = 0
configure:13695: result: yes
configure:13703: checking for zlib.h
configure:13703: gcc -c -g -O2  conftest.c >&5
configure:13703: $? = 0
configure:13703: result: yes
configure:13712: checking for bzlib.h
configure:13712: gcc -c -g -O2  conftest.c >&5
conftest.c:92:10: fatal error: bzlib.h: No such file or directory
   92 | #include <bzlib.h>
      |          ^~~~~~~~~
compilation terminated.
configure:13712: $? = 1
configure: failed program was:
| /* confdefs.h */
| #define PACKAGE_NAME "file"
| #define PACKAGE_TARNAME "file"
| #define PACKAGE_VERSION "5.46"
| #define PACKAGE_STRING "file 5.46"
| #define PACKAGE_BUGREPORT "christos@astron.com"
| #define PACKAGE_URL ""
| #define PACKAGE "file"
| #define VERSION "5.46"
| #define BUILTIN_ELF 1
| #define ELFCORE 1
| #define HAVE_STDIO_H 1
| #define HAVE_STDLIB_H 1
| #define HAVE_STRING_H 1
| #define HAVE_INTTYPES_H 1
| #define HAVE_STDINT_H 1
| #define HAVE_STRINGS_H 1
| #define HAVE_SYS_STAT_H 1
| #define HAVE_SYS_TYPES_H 1
| #define HAVE_UNISTD_H 1
| #define HAVE_WCHAR_H 1
| #define HAVE_SYS_PARAM_H 1
| #define STDC_HEADERS 1
| #define _ALL_SOURCE 1
| #define _DARWIN_C_SOURCE 1
| #define _GNU_SOURCE 1
| #define _HPUX_ALT_XOPEN_SOCKET_API 1
| #define _NETBSD_SOURCE 1
| #define _OPENBSD_SOURCE 1
| #define _POSIX_PTHREAD_SEMANTICS 1
| #define __STDC_WANT_IEC_60559_ATTRIBS_EXT__ 1
| #define __STDC_WANT_IEC_60559_BFP_EXT__ 1
| #define __STDC_WANT_IEC_60559_DFP_EXT__ 1
| #define __STDC_WANT_IEC_60559_FUNCS_EXT__ 1
| #define __STDC_WANT_IEC_60559_TYPES_EXT__ 1
| #define __STDC_WANT_LIB_EXT2__ 1
| #define __STDC_WANT_MATH_SPEC_FUNCS__ 1
| #define _TANDEM_SOURCE 1
| #define __EXTENSIONS__ 1
| #define HAVE_DLFCN_H 1
| #define LT_OBJDIR ".libs/"
| #define HAVE_VISIBILITY 1
| #define MAJOR_IN_SYSMACROS 1
| #define HAVE_SYS_WAIT_H 1
| #define HAVE_STDINT_H 1
| #define HAVE_FCNTL_H 1
| #define HAVE_INTTYPES_H 1
| #define HAVE_UNISTD_H 1
| #define HAVE_BYTESWAP_H 1
| #define HAVE_SPAWN_H 1
| #define HAVE_UTIME_H 1
| #define HAVE_WCHAR_H 1
| #define HAVE_WCTYPE_H 1
| #define HAVE_GETOPT_H 1
| #define HAVE_ERR_H 1
| #define HAVE_SYS_MMAN_H 1
| #define HAVE_SYS_STAT_H 1
| #define HAVE_SYS_TYPES_H 1
| #define HAVE_SYS_TIME_H 1
| #define HAVE_SYS_SYSMACROS_H 1
| #define HAVE_SYS_IOCTL_H 1
| #define HAVE_ZLIB_H 1
| /* end confdefs.h.  */
| #include <stddef.h>
| #ifdef HAVE_STDIO_H
| # include <stdio.h>
| #endif
| #ifdef HAVE_STDLIB_H
| # include <stdlib.h>
| #endif
| #ifdef HAVE_STRING_H
| # include <string.h>
| #endif
| #ifdef HAVE_INTTYPES_H
| # include <inttypes.h>
| #endif
| #ifdef HAVE_STDINT_H
| # include <stdint.h>
| #endif
| #ifdef HAVE_STRINGS_H
| # include <strings.h>
| #endif
| #ifdef HAVE_SYS_TYPES_H
| # include <sys/types.h>
| #endif
| #ifdef HAVE_SYS_STAT_H
| # include <sys/stat.h>
| #endif
| #ifdef HAVE_UNISTD_H
| # include <unistd.h>
| #endif
| #include <bzlib.h>
configure:13712: result: no
configure:13721: checking for lzma.h
configure:13721: gcc -c -g -O2  conftest.c >&5
conftest.c:92:10: fatal error: lzma.h: No such file or directory
   92 | #include <lzma.h>
      |          ^~~~~~~~
compilation terminated.
configure:13721: $? = 1
configure: failed program was:
| /* confdefs.h */
| #define PACKAGE_NAME "file"
| #define PACKAGE_TARNAME "file"
| #define PACKAGE_VERSION "5.46"
| #define PACKAGE_STRING "file 5.46"
| #define PACKAGE_BUGREPORT "christos@astron.com"
| #define PACKAGE_URL ""
| #define PACKAGE "file"
| #define VERSION "5.46"
| #define BUILTIN_ELF 1
| #define ELFCORE 1
| #define HAVE_STDIO_H 1
| #define HAVE_STDLIB_H 1
| #define HAVE_STRING_H 1
| #define HAVE_INTTYPES_H 1
| #define HAVE_STDINT_H 1
| #define HAVE_STRINGS_H 1
| #define HAVE_SYS_STAT_H 1
| #define HAVE_SYS_TYPES_H 1
| #define HAVE_UNISTD_H 1
| #define HAVE_WCHAR_H 1
| #define HAVE_SYS_PARAM_H 1
| #define STDC_HEADERS 1
| #define _ALL_SOURCE 1
| #define _DARWIN_C_SOURCE 1
| #define _GNU_SOURCE 1
| #define _HPUX_ALT_XOPEN_SOCKET_API 1
| #define _NETBSD_SOURCE 1
| #define _OPENBSD_SOURCE 1
| #define _POSIX_PTHREAD_SEMANTICS 1
| #define __STDC_WANT_IEC_60559_ATTRIBS_EXT__ 1
| #define __STDC_WANT_IEC_60559_BFP_EXT__ 1
| #define __STDC_WANT_IEC_60559_DFP_EXT__ 1
| #define __STDC_WANT_IEC_60559_FUNCS_EXT__ 1
| #define __STDC_WANT_IEC_60559_TYPES_EXT__ 1
| #define __STDC_WANT_LIB_EXT2__ 1
| #define __STDC_WANT_MATH_SPEC_FUNCS__ 1
| #define _TANDEM_SOURCE 1
| #define __EXTENSIONS__ 1
| #define HAVE_DLFCN_H 1
| #define LT_OBJDIR ".libs/"
| #define HAVE_VISIBILITY 1
| #define MAJOR_IN_SYSMACROS 1
| #define HAVE_SYS_WAIT_H 1
| #define HAVE_STDINT_H 1
| #define HAVE_FCNTL_H 1
| #define HAVE_INTTYPES_H 1
| #define HAVE_UNISTD_H 1
| #define HAVE_BYTESWAP_H 1
| #define HAVE_SPAWN_H 1
| #define HAVE_UTIME_H 1
| #define HAVE_WCHAR_H 1
| #define HAVE_WCTYPE_H 1
| #define HAVE_GETOPT_H 1
| #define HAVE_ERR_H 1
| #define HAVE_SYS_MMAN_H 1
| #define HAVE_SYS_STAT_H 1
| #define HAVE_SYS_TYPES_H 1
| #define HAVE_SYS_TIME_H 1
| #define HAVE_SYS_SYSMACROS_H 1
| #define HAVE_SYS_IOCTL_H 1
| #define HAVE_ZLIB_H 1
| /* end confdefs.h.  */
| #include <stddef.h>
| #ifdef HAVE_STDIO_H
| # include <stdio.h>
| #endif
| #ifdef HAVE_STDLIB_H
| # include <stdlib.h>
| #endif
| #ifdef HAVE_STRING_H
| # include <string.h>
| #endif
| #ifdef HAVE_INTTYPES_H
| # include <inttypes.h>
| #endif
| #ifdef HAVE_STDINT_H
| # include <stdint.h>
| #endif
| #ifdef HAVE_STRINGS_H
| # include <strings.h>
| #endif
| #ifdef HAVE_SYS_TYPES_H
| # include <sys/types.h>
| #endif
| #ifdef HAVE_SYS_STAT_H
| # include <sys/stat.h>
| #endif
| #ifdef HAVE_UNISTD_H
| # include <unistd.h>
| #endif
| #include <lzma.h>
configure:13721: result: no
configure:13730: checking for zstd.h
configure:13730: gcc -c -g -O2  conftest.c >&5
conftest.c:92:10: fatal error: zstd.h: No such file or directory
   92 | #include <zstd.h>
      |          ^~~~~~~~
compilation terminated.
configure:13730: $? = 1
configure: failed program was:
| /* confdefs.h */
| #define PACKAGE_NAME "file"
| #define PACKAGE_TARNAME "file"
| #define PACKAGE_VERSION "5.46"
| #define PACKAGE_STRING "file 5.46"
| #define PACKAGE_BUGREPORT "christos@astron.com"
| #define PACKAGE_URL ""
| #define PACKAGE "file"
| #define VERSION "5.46"
| #define BUILTIN_ELF 1
| #define ELFCORE 1
| #define HAVE_STDIO_H 1
| #define HAVE_STDLIB_H 1
| #define HAVE_STRING_H 1
| #define HAVE_INTTYPES_H 1
| #define HAVE_STDINT_H 1
| #define HAVE_STRINGS_H 1
| #define HAVE_SYS_STAT_H 1
| #define HAVE_SYS_TYPES_H 1
| #define HAVE_UNISTD_H 1
| #define HAVE_WCHAR_H 1
| #define HAVE_SYS_PARAM_H 1
| #define STDC_HEADERS 1
| #define _ALL_SOURCE 1
| #define _DARWIN_C_SOURCE 1
| #define _GNU_SOURCE 1
| #define _HPUX_ALT_XOPEN_SOCKET_API 1
| #define _NETBSD_SOURCE 1
| #define _OPENBSD_SOURCE 1
| #define _POSIX_PTHREAD_SEMANTICS 1
| #define __STDC_WANT_IEC_60559_ATTRIBS_EXT__ 1
| #define __STDC_WANT_IEC_60559_BFP_EXT__ 1
| #define __STDC_WANT_IEC_60559_DFP_EXT__ 1
| #define __STDC_WANT_IEC_60559_FUNCS_EXT__ 1
| #define __STDC_WANT_IEC_60559_TYPES_EXT__ 1
| #define __STDC_WANT_LIB_EXT2__ 1
| #define __STDC_WANT_MATH_SPEC_FUNCS__ 1
| #define _TANDEM_SOURCE 1
| #define __EXTENSIONS__ 1
| #define HAVE_DLFCN_H 1
| #define LT_OBJDIR ".libs/"
| #define HAVE_VISIBILITY 1
| #define MAJOR_IN_SYSMACROS 1
| #define HAVE_SYS_WAIT_H 1
| #define HAVE_STDINT_H 1
| #define HAVE_FCNTL_H 1
| #define HAVE_INTTYPES_H 1
| #define HAVE_UNISTD_H 1
| #define HAVE_BYTESWAP_H 1
| #define HAVE_SPAWN_H 1
| #define HAVE_UTIME_H 1
| #define HAVE_WCHAR_H 1
| #define HAVE_WCTYPE_H 1
| #define HAVE_GETOPT_H 1
| #define HAVE_ERR_H 1
| #define HAVE_SYS_MMAN_H 1
| #define HAVE_SYS_STAT_H 1
| #define HAVE_SYS_TYPES_H 1
| #define HAVE_SYS_TIME_H 1
| #define HAVE_SYS_SYSMACROS_H 1
| #define HAVE_SYS_IOCTL_H 1
| #define HAVE_ZLIB_H 1
| /* end confdefs.h.  */
| #include <stddef.h>
| #ifdef HAVE_STDIO_H
| # include <stdio.h>
| #endif
| #ifdef HAVE_STDLIB_H
| # include <stdlib.h>
| #endif
| #ifdef HAVE_STRING_H
| # include <string.h>
| #endif
| #ifdef HAVE_INTTYPES_H
| # include <inttypes.h>
| #endif
| #ifdef HAVE_STDINT_H
| # include <stdint.h>
| #endif
| #ifdef HAVE_STRINGS_H
| # include <strings.h>
| #endif
| #ifdef HAVE_SYS_TYPES_H
| # include <sys/types.h>
| #endif
| #ifdef HAVE_SYS_STAT_H
| # include <sys/stat.h>
| #endif
| #ifdef HAVE_UNISTD_H
| # include <unistd.h>
| #endif
| #include <zstd.h>
configure:13730: result: no
configure:13736: checking for zstd_errors.h
configure:13736: gcc -c -g -O2  conftest.c >&5
conftest.c:92:10: fatal error: zstd_errors.h: No such file or directory
   92 | #include <zstd_errors.h>
      |          ^~~~~~~~~~~~~~~
compilation terminated.
configure:13736: $? = 1
configure: failed program was:
| /* confdefs.h */
| #define PACKAGE_NAME "file"
| #define PACKAGE_TARNAME "file"
| #define PACKAGE_VERSION "5.46"
| #define PACKAGE_STRING "file 5.46"
| #define PACKAGE_BUGREPORT "christos@astron.com"
| #define PACKAGE_URL ""
| #define PACKAGE "file"
| #define VERSION "5.46"
| #define BUILTIN_ELF 1
| #define ELFCORE 1
| #define HAVE_STDIO_H 1
| #define HAVE_STDLIB_H 1
| #define HAVE_STRING_H 1
| #define HAVE_INTTYPES_H 1
| #define HAVE_STDINT_H 1
| #define HAVE_STRINGS_H 1
| #define HAVE_SYS_STAT_H 1
| #define HAVE_SYS_TYPES_H 1
| #define HAVE_UNISTD_H 1
| #define HAVE_WCHAR_H 1
| #define HAVE_SYS_PARAM_H 1
| #define STDC_HEADERS 1
| #define _ALL_SOURCE 1
| #define _DARWIN_C_SOURCE 1
| #define _GNU_SOURCE 1
| #define _HPUX_ALT_XOPEN_SOCKET_API 1
| #define _NETBSD_SOURCE 1
| #define _OPENBSD_SOURCE 1
| #define _POSIX_PTHREAD_SEMANTICS 1
| #define __STDC_WANT_IEC_60559_ATTRIBS_EXT__ 1
| #define __STDC_WANT_IEC_60559_BFP_EXT__ 1
| #define __STDC_WANT_IEC_60559_DFP_EXT__ 1
| #define __STDC_WANT_IEC_60559_FUNCS_EXT__ 1
| #define __STDC_WANT_IEC_60559_TYPES_EXT__ 1
| #define __STDC_WANT_LIB_EXT2__ 1
| #define __STDC_WANT_MATH_SPEC_FUNCS__ 1
| #define _TANDEM_SOURCE 1
| #define __EXTENSIONS__ 1
| #define HAVE_DLFCN_H 1
| #define LT_OBJDIR ".libs/"
| #define HAVE_VISIBILITY 1
| #define MAJOR_IN_SYSMACROS 1
| #define HAVE_SYS_WAIT_H 1
| #define HAVE_STDINT_H 1
| #define HAVE_FCNTL_H 1
| #define HAVE_INTTYPES_H 1
| #define HAVE_UNISTD_H 1
| #define HAVE_BYTESWAP_H 1
| #define HAVE_SPAWN_H 1
| #define HAVE_UTIME_H 1
| #define HAVE_WCHAR_H 1
| #define HAVE_WCTYPE_H 1
| #define HAVE_GETOPT_H 1
| #define HAVE_ERR_H 1
| #define HAVE_SYS_MMAN_H 1
| #define HAVE_SYS_STAT_H 1
| #define HAVE_SYS_TYPES_H 1
| #define HAVE_SYS_TIME_H 1
| #define HAVE_SYS_SYSMACROS_H 1
| #define HAVE_SYS_IOCTL_H 1
| #define HAVE_ZLIB_H 1
| /* end confdefs.h.  */
| #include <stddef.h>
| #ifdef HAVE_STDIO_H
| # include <stdio.h>
| #endif
| #ifdef HAVE_STDLIB_H
| # include <stdlib.h>
| #endif
| #ifdef HAVE_STRING_H
| # include <string.h>
| #endif
| #ifdef HAVE_INTTYPES_H
| # include <inttypes.h>
| #endif
| #ifdef HAVE_STDINT_H
| # include <stdint.h>
| #endif
| #ifdef HAVE_STRINGS_H
| # include <strings.h>
| #endif
| #ifdef HAVE_SYS_TYPES_H
| # include <sys/types.h>
| #endif
| #ifdef HAVE_SYS_STAT_H
| # include <sys/stat.h>
| #endif
| #ifdef HAVE_UNISTD_H
| # include <unistd.h>
| #endif
| #include <zstd_errors.h>
configure:13736: result: no
configure:13745: checking for lzlib.h
configure:13745: gcc -c -g -O2  conftest.c >&5
conftest.c:92:10: fatal error: lzlib.h: No such file or directory
   92 | #include <lzlib.h>
      |          ^~~~~~~~~
compilation terminated.
configure:13745: $? = 1
configure: failed program was:
| /* confdefs.h */
| #define PACKAGE_NAME "file"
| #define PACKAGE_TARNAME "file"
| #define PACKAGE_VERSION "5.46"
| #define PACKAGE_STRING "file 5.46"
| #define PACKAGE_BUGREPORT "christos@astron.com"
| #define PACKAGE_URL ""
| #define PACKAGE "file"
| #define VERSION "5.46"
| #define BUILTIN_ELF 1
| #define ELFCORE 1
| #define HAVE_STDIO_H 1
| #define HAVE_STDLIB_H 1
| #define HAVE_STRING_H 1
| #define HAVE_INTTYPES_H 1
| #define HAVE_STDINT_H 1
| #define HAVE_STRINGS_H 1
| #define HAVE_SYS_STAT_H 1
| #define HAVE_SYS_TYPES_H 1
| #define HAVE_UNISTD_H 1
| #define HAVE_WCHAR_H 1
| #define HAVE_SYS_PARAM_H 1
| #define STDC_HEADERS 1
| #define _ALL_SOURCE 1
| #define _DARWIN_C_SOURCE 1
| #define _GNU_SOURCE 1
| #define _HPUX_ALT_XOPEN_SOCKET_API 1
| #define _NETBSD_SOURCE 1
| #define _OPENBSD_SOURCE 1
| #define _POSIX_PTHREAD_SEMANTICS 1
| #define __STDC_WANT_IEC_60559_ATTRIBS_EXT__ 1
| #define __STDC_WANT_IEC_60559_BFP_EXT__ 1
| #define __STDC_WANT_IEC_60559_DFP_EXT__ 1
| #define __STDC_WANT_IEC_60559_FUNCS_EXT__ 1
| #define __STDC_WANT_IEC_60559_TYPES_EXT__ 1
| #define __STDC_WANT_LIB_EXT2__ 1
| #define __STDC_WANT_MATH_SPEC_FUNCS__ 1
| #define _TANDEM_SOURCE 1
| #define __EXTENSIONS__ 1
| #define HAVE_DLFCN_H 1
| #define LT_OBJDIR ".libs/"
| #define HAVE_VISIBILITY 1
| #define MAJOR_IN_SYSMACROS 1
| #define HAVE_SYS_WAIT_H 1
| #define HAVE_STDINT_H 1
| #define HAVE_FCNTL_H 1
| #define HAVE_INTTYPES_H 1
| #define HAVE_UNISTD_H 1
| #define HAVE_BYTESWAP_H 1
| #define HAVE_SPAWN_H 1
| #define HAVE_UTIME_H 1
| #define HAVE_WCHAR_H 1
| #define HAVE_WCTYPE_H 1
| #define HAVE_GETOPT_H 1
| #define HAVE_ERR_H 1
| #define HAVE_SYS_MMAN_H 1
| #define HAVE_SYS_STAT_H 1
| #define HAVE_SYS_TYPES_H 1
| #define HAVE_SYS_TIME_H 1
| #define HAVE_SYS_SYSMACROS_H 1
| #define HAVE_SYS_IOCTL_H 1
| #define HAVE_ZLIB_H 1
| /* end confdefs.h.  */
| #include <stddef.h>
| #ifdef HAVE_STDIO_H
| # include <stdio.h>
| #endif
| #ifdef HAVE_STDLIB_H
| # include <stdlib.h>
| #endif
| #ifdef HAVE_STRING_H
| # include <string.h>
| #endif
| #ifdef HAVE_INTTYPES_H
| # include <inttypes.h>
| #endif
| #ifdef HAVE_STDINT_H
| # include <stdint.h>
| #endif
| #ifdef HAVE_STRINGS_H
| # include <strings.h>
| #endif
| #ifdef HAVE_SYS_TYPES_H
| # include <sys/types.h>
| #endif
| #ifdef HAVE_SYS_STAT_H
| # include <sys/stat.h>
| #endif
| #ifdef HAVE_UNISTD_H
| # include <unistd.h>
| #endif
| #include <lzlib.h>
configure:13745: result: no
configure:13754: checking for Lrzip.h
configure:13754: gcc -c -g -O2  conftest.c >&5
conftest.c:92:10: fatal error: Lrzip.h: No such file or directory
   92 | #include <Lrzip.h>
      |          ^~~~~~~~~
compilation terminated.
configure:13754: $? = 1
configure: failed program was:
| /* confdefs.h */
| #define PACKAGE_NAME "file"
| #define PACKAGE_TARNAME "file"
| #define PACKAGE_VERSION "5.46"
| #define PACKAGE_STRING "file 5.46"
| #define PACKAGE_BUGREPORT "christos@astron.com"
| #define PACKAGE_URL ""
| #define PACKAGE "file"
| #define VERSION "5.46"
| #define BUILTIN_ELF 1
| #define ELFCORE 1
| #define HAVE_STDIO_H 1
| #define HAVE_STDLIB_H 1
| #define HAVE_STRING_H 1
| #define HAVE_INTTYPES_H 1
| #define HAVE_STDINT_H 1
| #define HAVE_STRINGS_H 1
| #define HAVE_SYS_STAT_H 1
| #define HAVE_SYS_TYPES_H 1
| #define HAVE_UNISTD_H 1
| #define HAVE_WCHAR_H 1
| #define HAVE_SYS_PARAM_H 1
| #define STDC_HEADERS 1
| #define _ALL_SOURCE 1
| #define _DARWIN_C_SOURCE 1
| #define _GNU_SOURCE 1
| #define _HPUX_ALT_XOPEN_SOCKET_API 1
| #define _NETBSD_SOURCE 1
| #define _OPENBSD_SOURCE 1
| #define _POSIX_PTHREAD_SEMANTICS 1
| #define __STDC_WANT_IEC_60559_ATTRIBS_EXT__ 1
| #define __STDC_WANT_IEC_60559_BFP_EXT__ 1
| #define __STDC_WANT_IEC_60559_DFP_EXT__ 1
| #define __STDC_WANT_IEC_60559_FUNCS_EXT__ 1
| #define __STDC_WANT_IEC_60559_TYPES_EXT__ 1
| #define __STDC_WANT_LIB_EXT2__ 1
| #define __STDC_WANT_MATH_SPEC_FUNCS__ 1
| #define _TANDEM_SOURCE 1
| #define __EXTENSIONS__ 1
| #define HAVE_DLFCN_H 1
| #define LT_OBJDIR ".libs/"
| #define HAVE_VISIBILITY 1
| #define MAJOR_IN_SYSMACROS 1
| #define HAVE_SYS_WAIT_H 1
| #define HAVE_STDINT_H 1
| #define HAVE_FCNTL_H 1
| #define HAVE_INTTYPES_H 1
| #define HAVE_UNISTD_H 1
| #define HAVE_BYTESWAP_H 1
| #define HAVE_SPAWN_H 1
| #define HAVE_UTIME_H 1
| #define HAVE_WCHAR_H 1
| #define HAVE_WCTYPE_H 1
| #define HAVE_GETOPT_H 1
| #define HAVE_ERR_H 1
| #define HAVE_SYS_MMAN_H 1
| #define HAVE_SYS_STAT_H 1
| #define HAVE_SYS_TYPES_H 1
| #define HAVE_SYS_TIME_H 1
| #define HAVE_SYS_SYSMACROS_H 1
| #define HAVE_SYS_IOCTL_H 1
| #define HAVE_ZLIB_H 1
| /* end confdefs.h.  */
| #include <stddef.h>
| #ifdef HAVE_STDIO_H
| # include <stdio.h>
| #endif
| #ifdef HAVE_STDLIB_H
| # include <stdlib.h>
| #endif
| #ifdef HAVE_STRING_H
| # include <string.h>
| #endif
| #ifdef HAVE_INTTYPES_H
| # include <inttypes.h>
| #endif
| #ifdef HAVE_STDINT_H
| # include <stdint.h>
| #endif
| #ifdef HAVE_STRINGS_H
| # include <strings.h>
| #endif
| #ifdef HAVE_SYS_TYPES_H
| # include <sys/types.h>
| #endif
| #ifdef HAVE_SYS_STAT_H
| # include <sys/stat.h>
| #endif
| #ifdef HAVE_UNISTD_H
| # include <unistd.h>
| #endif
| #include <Lrzip.h>
configure:13754: result: no
configure:13762: checking for sig_t
configure:13762: gcc -c -g -O2  conftest.c >&5
configure:13762: $? = 0
configure:13762: gcc -c -g -O2  conftest.c >&5
conftest.c: In function 'main':
conftest.c:69:20: error: expected expression before ')' token
   69 | if (sizeof ((sig_t)))
      |                    ^
configure:13762: $? = 1
configure: failed program was:
| /* confdefs.h */
| #define PACKAGE_NAME "file"
| #define PACKAGE_TARNAME "file"
| #define PACKAGE_VERSION "5.46"
| #define PACKAGE_STRING "file 5.46"
| #define PACKAGE_BUGREPORT "christos@astron.com"
| #define PACKAGE_URL ""
| #define PACKAGE "file"
| #define VERSION "5.46"
| #define BUILTIN_ELF 1
| #define ELFCORE 1
| #define HAVE_STDIO_H 1
| #define HAVE_STDLIB_H 1
| #define HAVE_STRING_H 1
| #define HAVE_INTTYPES_H 1
| #define HAVE_STDINT_H 1
| #define HAVE_STRINGS_H 1
| #define HAVE_SYS_STAT_H 1
| #define HAVE_SYS_TYPES_H 1
| #define HAVE_UNISTD_H 1
| #define HAVE_WCHAR_H 1
| #define HAVE_SYS_PARAM_H 1
| #define STDC_HEADERS 1
| #define _ALL_SOURCE 1
| #define _DARWIN_C_SOURCE 1
| #define _GNU_SOURCE 1
| #define _HPUX_ALT_XOPEN_SOCKET_API 1
| #define _NETBSD_SOURCE 1
| #define _OPENBSD_SOURCE 1
| #define _POSIX_PTHREAD_SEMANTICS 1
| #define __STDC_WANT_IEC_60559_ATTRIBS_EXT__ 1
| #define __STDC_WANT_IEC_60559_BFP_EXT__ 1
| #define __STDC_WANT_IEC_60559_DFP_EXT__ 1
| #define __STDC_WANT_IEC_60559_FUNCS_EXT__ 1
| #define __STDC_WANT_IEC_60559_TYPES_EXT__ 1
| #define __STDC_WANT_LIB_EXT2__ 1
| #define __STDC_WANT_MATH_SPEC_FUNCS__ 1
| #define _TANDEM_SOURCE 1
| #define __EXTENSIONS__ 1
| #define HAVE_DLFCN_H 1
| #define LT_OBJDIR ".libs/"
| #define HAVE_VISIBILITY 1
| #define MAJOR_IN_SYSMACROS 1
| #define HAVE_SYS_WAIT_H 1
| #define HAVE_STDINT_H 1
| #define HAVE_FCNTL_H 1
| #define HAVE_INTTYPES_H 1
| #define HAVE_UNISTD_H 1
| #define HAVE_BYTESWAP_H 1
| #define HAVE_SPAWN_H 1
| #define HAVE_UTIME_H 1
| #define HAVE_WCHAR_H 1
| #define HAVE_WCTYPE_H 1
| #define HAVE_GETOPT_H 1
| #define HAVE_ERR_H 1
| #define HAVE_SYS_MMAN_H 1
| #define HAVE_SYS_STAT_H 1
| #define HAVE_SYS_TYPES_H 1
| #define HAVE_SYS_TIME_H 1
| #define HAVE_SYS_SYSMACROS_H 1
| #define HAVE_SYS_IOCTL_H 1
| #define HAVE_ZLIB_H 1
| /* end confdefs.h.  */
| #include <signal.h>
| 
| int
| main (void)
| {
| if (sizeof ((sig_t)))
| 	    return 0;
|   ;
|   return 0;
| }
configure:13762: result: yes
configure:13772: checking for off_t
configure:13772: gcc -c -g -O2  conftest.c >&5
configure:13772: $? = 0
configure:13772: gcc -c -g -O2  conftest.c >&5
conftest.c: In function 'main':
conftest.c:96:20: error: expected expression before ')' token
   96 | if (sizeof ((off_t)))
      |                    ^
configure:13772: $? = 1
configure: failed program was:
| /* confdefs.h */
| #define PACKAGE_NAME "file"
| #define PACKAGE_TARNAME "file"
| #define PACKAGE_VERSION "5.46"
| #define PACKAGE_STRING "file 5.46"
| #define PACKAGE_BUGREPORT "christos@astron.com"
| #define PACKAGE_URL ""
| #define PACKAGE "file"
| #define VERSION "5.46"
| #define BUILTIN_ELF 1
| #define ELFCORE 1
| #define HAVE_STDIO_H 1
| #define HAVE_STDLIB_H 1
| #define HAVE_STRING_H 1
| #define HAVE_INTTYPES_H 1
| #define HAVE_STDINT_H 1
| #define HAVE_STRINGS_H 1
| #define HAVE_SYS_STAT_H 1
| #define HAVE_SYS_TYPES_H 1
| #define HAVE_UNISTD_H 1
| #define HAVE_WCHAR_H 1
| #define HAVE_SYS_PARAM_H 1
| #define STDC_HEADERS 1
| #define _ALL_SOURCE 1
| #define _DARWIN_C_SOURCE 1
| #define _GNU_SOURCE 1
| #define _HPUX_ALT_XOPEN_SOCKET_API 1
| #define _NETBSD_SOURCE 1
| #define _OPENBSD_SOURCE 1
| #define _POSIX_PTHREAD_SEMANTICS 1
| #define __STDC_WANT_IEC_60559_ATTRIBS_EXT__ 1
| #define __STDC_WANT_IEC_60559_BFP_EXT__ 1
| #define __STDC_WANT_IEC_60559_DFP_EXT__ 1
| #define __STDC_WANT_IEC_60559_FUNCS_EXT__ 1
| #define __STDC_WANT_IEC_60559_TYPES_EXT__ 1
| #define __STDC_WANT_LIB_EXT2__ 1
| #define __STDC_WANT_MATH_SPEC_FUNCS__ 1
| #define _TANDEM_SOURCE 1
| #define __EXTENSIONS__ 1
| #define HAVE_DLFCN_H 1
| #define LT_OBJDIR ".libs/"
| #define HAVE_VISIBILITY 1
| #define MAJOR_IN_SYSMACROS 1
| #define HAVE_SYS_WAIT_H 1
| #define HAVE_STDINT_H 1
| #define HAVE_FCNTL_H 1
| #define HAVE_INTTYPES_H 1
| #define HAVE_UNISTD_H 1
| #define HAVE_BYTESWAP_H 1
| #define HAVE_SPAWN_H 1
| #define HAVE_UTIME_H 1
| #define HAVE_WCHAR_H 1
| #define HAVE_WCTYPE_H 1
| #define HAVE_GETOPT_H 1
| #define HAVE_ERR_H 1
| #define HAVE_SYS_MMAN_H 1
| #define HAVE_SYS_STAT_H 1
| #define HAVE_SYS_TYPES_H 1
| #define HAVE_SYS_TIME_H 1
| #define HAVE_SYS_SYSMACROS_H 1
| #define HAVE_SYS_IOCTL_H 1
| #define HAVE_ZLIB_H 1
| #define HAVE_SIG_T 1
| /* end confdefs.h.  */
| #include <stddef.h>
| #ifdef HAVE_STDIO_H
| # include <stdio.h>
| #endif
| #ifdef HAVE_STDLIB_H
| # include <stdlib.h>
| #endif
| #ifdef HAVE_STRING_H
| # include <string.h>
| #endif
| #ifdef HAVE_INTTYPES_H
| # include <inttypes.h>
| #endif
| #ifdef HAVE_STDINT_H
| # include <stdint.h>
| #endif
| #ifdef HAVE_STRINGS_H
| # include <strings.h>
| #endif
| #ifdef HAVE_SYS_TYPES_H
| # include <sys/types.h>
| #endif
| #ifdef HAVE_SYS_STAT_H
| # include <sys/stat.h>
| #endif
| #ifdef HAVE_UNISTD_H
| # include <unistd.h>
| #endif
| int
| main (void)
| {
| if (sizeof ((off_t)))
| 	    return 0;
|   ;
|   return 0;
| }
configure:13772: result: yes
configure:13782: checking for size_t
configure:13782: gcc -c -g -O2  conftest.c >&5
configure:13782: $? = 0
configure:13782: gcc -c -g -O2  conftest.c >&5
conftest.c: In function 'main':
conftest.c:96:21: error: expected expression before ')' token
   96 | if (sizeof ((size_t)))
      |                     ^
configure:13782: $? = 1
configure: failed program was:
| /* confdefs.h */
| #define PACKAGE_NAME "file"
| #define PACKAGE_TARNAME "file"
| #define PACKAGE_VERSION "5.46"
| #define PACKAGE_STRING "file 5.46"
| #define PACKAGE_BUGREPORT "christos@astron.com"
| #define PACKAGE_URL ""
| #define PACKAGE "file"
| #define VERSION "5.46"
| #define BUILTIN_ELF 1
| #define ELFCORE 1
| #define HAVE_STDIO_H 1
| #define HAVE_STDLIB_H 1
| #define HAVE_STRING_H 1
| #define HAVE_INTTYPES_H 1
| #define HAVE_STDINT_H 1
| #define HAVE_STRINGS_H 1
| #define HAVE_SYS_STAT_H 1
| #define HAVE_SYS_TYPES_H 1
| #define HAVE_UNISTD_H 1
| #define HAVE_WCHAR_H 1
| #define HAVE_SYS_PARAM_H 1
| #define STDC_HEADERS 1
| #define _ALL_SOURCE 1
| #define _DARWIN_C_SOURCE 1
| #define _GNU_SOURCE 1
| #define _HPUX_ALT_XOPEN_SOCKET_API 1
| #define _NETBSD_SOURCE 1
| #define _OPENBSD_SOURCE 1
| #define _POSIX_PTHREAD_SEMANTICS 1
| #define __STDC_WANT_IEC_60559_ATTRIBS_EXT__ 1
| #define __STDC_WANT_IEC_60559_BFP_EXT__ 1
| #define __STDC_WANT_IEC_60559_DFP_EXT__ 1
| #define __STDC_WANT_IEC_60559_FUNCS_EXT__ 1
| #define __STDC_WANT_IEC_60559_TYPES_EXT__ 1
| #define __STDC_WANT_LIB_EXT2__ 1
| #define __STDC_WANT_MATH_SPEC_FUNCS__ 1
| #define _TANDEM_SOURCE 1
| #define __EXTENSIONS__ 1
| #define HAVE_DLFCN_H 1
| #define LT_OBJDIR ".libs/"
| #define HAVE_VISIBILITY 1
| #define MAJOR_IN_SYSMACROS 1
| #define HAVE_SYS_WAIT_H 1
| #define HAVE_STDINT_H 1
| #define HAVE_FCNTL_H 1
| #define HAVE_INTTYPES_H 1
| #define HAVE_UNISTD_H 1
| #define HAVE_BYTESWAP_H 1
| #define HAVE_SPAWN_H 1
| #define HAVE_UTIME_H 1
| #define HAVE_WCHAR_H 1
| #define HAVE_WCTYPE_H 1
| #define HAVE_GETOPT_H 1
| #define HAVE_ERR_H 1
| #define HAVE_SYS_MMAN_H 1
| #define HAVE_SYS_STAT_H 1
| #define HAVE_SYS_TYPES_H 1
| #define HAVE_SYS_TIME_H 1
| #define HAVE_SYS_SYSMACROS_H 1
| #define HAVE_SYS_IOCTL_H 1
| #define HAVE_ZLIB_H 1
| #define HAVE_SIG_T 1
| /* end confdefs.h.  */
| #include <stddef.h>
| #ifdef HAVE_STDIO_H
| # include <stdio.h>
| #endif
| #ifdef HAVE_STDLIB_H
| # include <stdlib.h>
| #endif
| #ifdef HAVE_STRING_H
| # include <string.h>
| #endif
| #ifdef HAVE_INTTYPES_H
| # include <inttypes.h>
| #endif
| #ifdef HAVE_STDINT_H
| # include <stdint.h>
| #endif
| #ifdef HAVE_STRINGS_H
| # include <strings.h>
| #endif
| #ifdef HAVE_SYS_TYPES_H
| # include <sys/types.h>
| #endif
| #ifdef HAVE_SYS_STAT_H
| # include <sys/stat.h>
| #endif
| #ifdef HAVE_UNISTD_H
| # include <unistd.h>
| #endif
| int
| main (void)
| {
| if (sizeof ((size_t)))
| 	    return 0;
|   ;
|   return 0;
| }
configure:13782: result: yes
configure:13792: checking for struct stat.st_rdev
configure:13792: gcc -c -g -O2  conftest.c >&5
configure:13792: $? = 0
configure:13792: result: yes
configure:13802: checking for struct tm.tm_gmtoff
configure:13802: gcc -c -g -O2  conftest.c >&5
configure:13802: $? = 0
configure:13802: result: yes
configure:13812: checking whether struct tm is in sys/time.h or time.h
configure:13833: gcc -c -g -O2  conftest.c >&5
configure:13833: $? = 0
configure:13841: result: time.h
configure:13849: checking for gcc options needed to detect all undeclared functions
configure:13871: gcc -c -g -O2   conftest.c >&5
conftest.c: In function 'main':
conftest.c:71:8: error: 'strchr' undeclared (first use in this function)
   71 | (void) strchr;
      |        ^~~~~~
conftest.c:1:1: note: 'strchr' is defined in header '<string.h>'; did you forget to '#include <string.h>'?
    1 | /* confdefs.h */
conftest.c:71:8: note: each undeclared identifier is reported only once for each function it appears in
   71 | (void) strchr;
      |        ^~~~~~
configure:13871: $? = 1
configure: failed program was:
| /* confdefs.h */
| #define PACKAGE_NAME "file"
| #define PACKAGE_TARNAME "file"
| #define PACKAGE_VERSION "5.46"
| #define PACKAGE_STRING "file 5.46"
| #define PACKAGE_BUGREPORT "christos@astron.com"
| #define PACKAGE_URL ""
| #define PACKAGE "file"
| #define VERSION "5.46"
| #define BUILTIN_ELF 1
| #define ELFCORE 1
| #define HAVE_STDIO_H 1
| #define HAVE_STDLIB_H 1
| #define HAVE_STRING_H 1
| #define HAVE_INTTYPES_H 1
| #define HAVE_STDINT_H 1
| #define HAVE_STRINGS_H 1
| #define HAVE_SYS_STAT_H 1
| #define HAVE_SYS_TYPES_H 1
| #define HAVE_UNISTD_H 1
| #define HAVE_WCHAR_H 1
| #define HAVE_SYS_PARAM_H 1
| #define STDC_HEADERS 1
| #define _ALL_SOURCE 1
| #define _DARWIN_C_SOURCE 1
| #define _GNU_SOURCE 1
| #define _HPUX_ALT_XOPEN_SOCKET_API 1
| #define _NETBSD_SOURCE 1
| #define _OPENBSD_SOURCE 1
| #define _POSIX_PTHREAD_SEMANTICS 1
| #define __STDC_WANT_IEC_60559_ATTRIBS_EXT__ 1
| #define __STDC_WANT_IEC_60559_BFP_EXT__ 1
| #define __STDC_WANT_IEC_60559_DFP_EXT__ 1
| #define __STDC_WANT_IEC_60559_FUNCS_EXT__ 1
| #define __STDC_WANT_IEC_60559_TYPES_EXT__ 1
| #define __STDC_WANT_LIB_EXT2__ 1
| #define __STDC_WANT_MATH_SPEC_FUNCS__ 1
| #define _TANDEM_SOURCE 1
| #define __EXTENSIONS__ 1
| #define HAVE_DLFCN_H 1
| #define LT_OBJDIR ".libs/"
| #define HAVE_VISIBILITY 1
| #define MAJOR_IN_SYSMACROS 1
| #define HAVE_SYS_WAIT_H 1
| #define HAVE_STDINT_H 1
| #define HAVE_FCNTL_H 1
| #define HAVE_INTTYPES_H 1
| #define HAVE_UNISTD_H 1
| #define HAVE_BYTESWAP_H 1
| #define HAVE_SPAWN_H 1
| #define HAVE_UTIME_H 1
| #define HAVE_WCHAR_H 1
| #define HAVE_WCTYPE_H 1
| #define HAVE_GETOPT_H 1
| #define HAVE_ERR_H 1
| #define HAVE_SYS_MMAN_H 1
| #define HAVE_SYS_STAT_H 1
| #define HAVE_SYS_TYPES_H 1
| #define HAVE_SYS_TIME_H 1
| #define HAVE_SYS_SYSMACROS_H 1
| #define HAVE_SYS_IOCTL_H 1
| #define HAVE_ZLIB_H 1
| #define HAVE_SIG_T 1
| #define HAVE_STRUCT_STAT_ST_RDEV 1
| #define HAVE_STRUCT_TM_TM_GMTOFF 1
| /* end confdefs.h.  */
| 
| int
| main (void)
| {
| (void) strchr;
|   ;
|   return 0;
| }
configure:13898: gcc -c -g -O2   conftest.c >&5
configure:13898: $? = 0
configure:13915: result: none needed
configure:13929: checking for struct tm.tm_zone
configure:13929: gcc -c -g -O2  conftest.c >&5
configure:13929: $? = 0
configure:13929: result: yes
configure:13995: checking for tm_zone in struct tm
configure:14013: gcc -c -g -O2  conftest.c >&5
configure:14013: $? = 0
configure:14021: result: yes
configure:14031: checking whether tzname is declared
configure:14031: gcc -c -g -O2   conftest.c >&5
configure:14031: $? = 0
configure:14031: result: yes
configure:14041: checking for tzname
configure:14061: gcc -o conftest -g -O2   conftest.c  >&5
configure:14061: $? = 0
configure:14070: result: yes
configure:14078: checking for tm_isdst in struct tm
configure:14096: gcc -c -g -O2  conftest.c >&5
configure:14096: $? = 0
configure:14104: result: yes
configure:14113: checking whether daylight is declared
configure:14113: gcc -c -g -O2   conftest.c >&5
configure:14113: $? = 0
configure:14113: result: yes
configure:14124: checking for daylight
configure:14145: gcc -o conftest -g -O2   conftest.c  >&5
configure:14145: $? = 0
configure:14154: result: yes
configure:14170: checking for special C compiler options needed for large files
configure:14218: result: no
configure:14224: checking for _FILE_OFFSET_BITS value needed for large files
configure:14250: gcc -c -g -O2  conftest.c >&5
configure:14250: $? = 0
configure:14284: result: no
configure:14366: checking for _LARGEFILE_SOURCE value needed for large files
configure:14386: gcc -o conftest -g -O2   conftest.c  >&5
configure:14386: $? = 0
configure:14416: result: no
configure:14435: checking for mbstate_t
configure:14453: gcc -c -g -O2  conftest.c >&5
configure:14453: $? = 0
configure:14461: result: yes
configure:14473: checking for struct option in getopt
configure:14490: gcc -c -g -O2  conftest.c >&5
configure:14490: $? = 0
configure:14498: result: yes
configure:14507: checking for pid_t
configure:14507: gcc -c -g -O2  conftest.c >&5
configure:14507: $? = 0
configure:14507: gcc -c -g -O2  conftest.c >&5
conftest.c: In function 'main':
conftest.c:110:20: error: expected expression before ')' token
  110 | if (sizeof ((pid_t)))
      |                    ^
configure:14507: $? = 1
configure: failed program was:
| /* confdefs.h */
| #define PACKAGE_NAME "file"
| #define PACKAGE_TARNAME "file"
| #define PACKAGE_VERSION "5.46"
| #define PACKAGE_STRING "file 5.46"
| #define PACKAGE_BUGREPORT "christos@astron.com"
| #define PACKAGE_URL ""
| #define PACKAGE "file"
| #define VERSION "5.46"
| #define BUILTIN_ELF 1
| #define ELFCORE 1
| #define HAVE_STDIO_H 1
| #define HAVE_STDLIB_H 1
| #define HAVE_STRING_H 1
| #define HAVE_INTTYPES_H 1
| #define HAVE_STDINT_H 1
| #define HAVE_STRINGS_H 1
| #define HAVE_SYS_STAT_H 1
| #define HAVE_SYS_TYPES_H 1
| #define HAVE_UNISTD_H 1
| #define HAVE_WCHAR_H 1
| #define HAVE_SYS_PARAM_H 1
| #define STDC_HEADERS 1
| #define _ALL_SOURCE 1
| #define _DARWIN_C_SOURCE 1
| #define _GNU_SOURCE 1
| #define _HPUX_ALT_XOPEN_SOCKET_API 1
| #define _NETBSD_SOURCE 1
| #define _OPENBSD_SOURCE 1
| #define _POSIX_PTHREAD_SEMANTICS 1
| #define __STDC_WANT_IEC_60559_ATTRIBS_EXT__ 1
| #define __STDC_WANT_IEC_60559_BFP_EXT__ 1
| #define __STDC_WANT_IEC_60559_DFP_EXT__ 1
| #define __STDC_WANT_IEC_60559_FUNCS_EXT__ 1
| #define __STDC_WANT_IEC_60559_TYPES_EXT__ 1
| #define __STDC_WANT_LIB_EXT2__ 1
| #define __STDC_WANT_MATH_SPEC_FUNCS__ 1
| #define _TANDEM_SOURCE 1
| #define __EXTENSIONS__ 1
| #define HAVE_DLFCN_H 1
| #define LT_OBJDIR ".libs/"
| #define HAVE_VISIBILITY 1
| #define MAJOR_IN_SYSMACROS 1
| #define HAVE_SYS_WAIT_H 1
| #define HAVE_STDINT_H 1
| #define HAVE_FCNTL_H 1
| #define HAVE_INTTYPES_H 1
| #define HAVE_UNISTD_H 1
| #define HAVE_BYTESWAP_H 1
| #define HAVE_SPAWN_H 1
| #define HAVE_UTIME_H 1
| #define HAVE_WCHAR_H 1
| #define HAVE_WCTYPE_H 1
| #define HAVE_GETOPT_H 1
| #define HAVE_ERR_H 1
| #define HAVE_SYS_MMAN_H 1
| #define HAVE_SYS_STAT_H 1
| #define HAVE_SYS_TYPES_H 1
| #define HAVE_SYS_TIME_H 1
| #define HAVE_SYS_SYSMACROS_H 1
| #define HAVE_SYS_IOCTL_H 1
| #define HAVE_ZLIB_H 1
| #define HAVE_SIG_T 1
| #define HAVE_STRUCT_STAT_ST_RDEV 1
| #define HAVE_STRUCT_TM_TM_GMTOFF 1
| #define HAVE_STRUCT_TM_TM_ZONE 1
| #define HAVE_TM_ZONE 1
| #define HAVE_TM_ZONE 1
| #define HAVE_DECL_TZNAME 1
| #define HAVE_TZNAME 1
| #define HAVE_TM_ISDST 1
| #define HAVE_DECL_DAYLIGHT 1
| #define HAVE_DAYLIGHT 1
| #define HAVE_FSEEKO 1
| #define HAVE_MBSTATE_T 1
| #define HAVE_STRUCT_OPTION 1
| /* end confdefs.h.  */
| #include <stddef.h>
| #ifdef HAVE_STDIO_H
| # include <stdio.h>
| #endif
| #ifdef HAVE_STDLIB_H
| # include <stdlib.h>
| #endif
| #ifdef HAVE_STRING_H
| # include <string.h>
| #endif
| #ifdef HAVE_INTTYPES_H
| # include <inttypes.h>
| #endif
| #ifdef HAVE_STDINT_H
| # include <stdint.h>
| #endif
| #ifdef HAVE_STRINGS_H
| # include <strings.h>
| #endif
| #ifdef HAVE_SYS_TYPES_H
| # include <sys/types.h>
| #endif
| #ifdef HAVE_SYS_STAT_H
| # include <sys/stat.h>
| #endif
| #ifdef HAVE_UNISTD_H
| # include <unistd.h>
| #endif
| 
| int
| main (void)
| {
| if (sizeof ((pid_t)))
| 	    return 0;
|   ;
|   return 0;
| }
configure:14507: result: yes
configure:14543: checking for uint8_t
configure:14543: gcc -c -g -O2  conftest.c >&5
configure:14543: $? = 0
configure:14543: result: yes
configure:14555: checking for uint16_t
configure:14555: gcc -c -g -O2  conftest.c >&5
configure:14555: $? = 0
configure:14555: result: yes
configure:14565: checking for uint32_t
configure:14565: gcc -c -g -O2  conftest.c >&5
configure:14565: $? = 0
configure:14565: result: yes
configure:14577: checking for int32_t
configure:14577: gcc -c -g -O2  conftest.c >&5
configure:14577: $? = 0
configure:14577: gcc -c -g -O2  conftest.c >&5
conftest.c: In function 'main':
conftest.c:111:67: warning: integer overflow in expression of type 'int' results in '-2147483648' [-Woverflow]
  111 |                  < (int32_t) (((((int32_t) 1 << N) << N) - 1) * 2 + 2))];
      |                                                                   ^
conftest.c:110:12: error: storage size of 'test_array' isn't constant
  110 | static int test_array [1 - 2 * !((int32_t) (((((int32_t) 1 << N) << N) - 1) * 2 + 1)
      |            ^~~~~~~~~~
configure:14577: $? = 1
configure: failed program was:
| /* confdefs.h */
| #define PACKAGE_NAME "file"
| #define PACKAGE_TARNAME "file"
| #define PACKAGE_VERSION "5.46"
| #define PACKAGE_STRING "file 5.46"
| #define PACKAGE_BUGREPORT "christos@astron.com"
| #define PACKAGE_URL ""
| #define PACKAGE "file"
| #define VERSION "5.46"
| #define BUILTIN_ELF 1
| #define ELFCORE 1
| #define HAVE_STDIO_H 1
| #define HAVE_STDLIB_H 1
| #define HAVE_STRING_H 1
| #define HAVE_INTTYPES_H 1
| #define HAVE_STDINT_H 1
| #define HAVE_STRINGS_H 1
| #define HAVE_SYS_STAT_H 1
| #define HAVE_SYS_TYPES_H 1
| #define HAVE_UNISTD_H 1
| #define HAVE_WCHAR_H 1
| #define HAVE_SYS_PARAM_H 1
| #define STDC_HEADERS 1
| #define _ALL_SOURCE 1
| #define _DARWIN_C_SOURCE 1
| #define _GNU_SOURCE 1
| #define _HPUX_ALT_XOPEN_SOCKET_API 1
| #define _NETBSD_SOURCE 1
| #define _OPENBSD_SOURCE 1
| #define _POSIX_PTHREAD_SEMANTICS 1
| #define __STDC_WANT_IEC_60559_ATTRIBS_EXT__ 1
| #define __STDC_WANT_IEC_60559_BFP_EXT__ 1
| #define __STDC_WANT_IEC_60559_DFP_EXT__ 1
| #define __STDC_WANT_IEC_60559_FUNCS_EXT__ 1
| #define __STDC_WANT_IEC_60559_TYPES_EXT__ 1
| #define __STDC_WANT_LIB_EXT2__ 1
| #define __STDC_WANT_MATH_SPEC_FUNCS__ 1
| #define _TANDEM_SOURCE 1
| #define __EXTENSIONS__ 1
| #define HAVE_DLFCN_H 1
| #define LT_OBJDIR ".libs/"
| #define HAVE_VISIBILITY 1
| #define MAJOR_IN_SYSMACROS 1
| #define HAVE_SYS_WAIT_H 1
| #define HAVE_STDINT_H 1
| #define HAVE_FCNTL_H 1
| #define HAVE_INTTYPES_H 1
| #define HAVE_UNISTD_H 1
| #define HAVE_BYTESWAP_H 1
| #define HAVE_SPAWN_H 1
| #define HAVE_UTIME_H 1
| #define HAVE_WCHAR_H 1
| #define HAVE_WCTYPE_H 1
| #define HAVE_GETOPT_H 1
| #define HAVE_ERR_H 1
| #define HAVE_SYS_MMAN_H 1
| #define HAVE_SYS_STAT_H 1
| #define HAVE_SYS_TYPES_H 1
| #define HAVE_SYS_TIME_H 1
| #define HAVE_SYS_SYSMACROS_H 1
| #define HAVE_SYS_IOCTL_H 1
| #define HAVE_ZLIB_H 1
| #define HAVE_SIG_T 1
| #define HAVE_STRUCT_STAT_ST_RDEV 1
| #define HAVE_STRUCT_TM_TM_GMTOFF 1
| #define HAVE_STRUCT_TM_TM_ZONE 1
| #define HAVE_TM_ZONE 1
| #define HAVE_TM_ZONE 1
| #define HAVE_DECL_TZNAME 1
| #define HAVE_TZNAME 1
| #define HAVE_TM_ISDST 1
| #define HAVE_DECL_DAYLIGHT 1
| #define HAVE_DAYLIGHT 1
| #define HAVE_FSEEKO 1
| #define HAVE_MBSTATE_T 1
| #define HAVE_STRUCT_OPTION 1
| /* end confdefs.h.  */
| #include <stddef.h>
| #ifdef HAVE_STDIO_H
| # include <stdio.h>
| #endif
| #ifdef HAVE_STDLIB_H
| # include <stdlib.h>
| #endif
| #ifdef HAVE_STRING_H
| # include <string.h>
| #endif
| #ifdef HAVE_INTTYPES_H
| # include <inttypes.h>
| #endif
| #ifdef HAVE_STDINT_H
| # include <stdint.h>
| #endif
| #ifdef HAVE_STRINGS_H
| # include <strings.h>
| #endif
| #ifdef HAVE_SYS_TYPES_H
| # include <sys/types.h>
| #endif
| #ifdef HAVE_SYS_STAT_H
| # include <sys/stat.h>
| #endif
| #ifdef HAVE_UNISTD_H
| # include <unistd.h>
| #endif
| 	        enum { N = 32 / 2 - 1 };
| int
| main (void)
| {
| static int test_array [1 - 2 * !((int32_t) (((((int32_t) 1 << N) << N) - 1) * 2 + 1)
| 		 < (int32_t) (((((int32_t) 1 << N) << N) - 1) * 2 + 2))];
| test_array [0] = 0;
| return test_array [0];
| 
|   ;
|   return 0;
| }
configure:14577: result: yes
configure:14586: checking for uint64_t
configure:14586: gcc -c -g -O2  conftest.c >&5
configure:14586: $? = 0
configure:14586: result: yes
configure:14598: checking for int64_t
configure:14598: gcc -c -g -O2  conftest.c >&5
configure:14598: $? = 0
configure:14598: gcc -c -g -O2  conftest.c >&5
conftest.c: In function 'main':
conftest.c:111:67: warning: integer overflow in expression of type 'long int' results in '-9223372036854775808' [-Woverflow]
  111 |                  < (int64_t) (((((int64_t) 1 << N) << N) - 1) * 2 + 2))];
      |                                                                   ^
conftest.c:110:12: error: storage size of 'test_array' isn't constant
  110 | static int test_array [1 - 2 * !((int64_t) (((((int64_t) 1 << N) << N) - 1) * 2 + 1)
      |            ^~~~~~~~~~
configure:14598: $? = 1
configure: failed program was:
| /* confdefs.h */
| #define PACKAGE_NAME "file"
| #define PACKAGE_TARNAME "file"
| #define PACKAGE_VERSION "5.46"
| #define PACKAGE_STRING "file 5.46"
| #define PACKAGE_BUGREPORT "christos@astron.com"
| #define PACKAGE_URL ""
| #define PACKAGE "file"
| #define VERSION "5.46"
| #define BUILTIN_ELF 1
| #define ELFCORE 1
| #define HAVE_STDIO_H 1
| #define HAVE_STDLIB_H 1
| #define HAVE_STRING_H 1
| #define HAVE_INTTYPES_H 1
| #define HAVE_STDINT_H 1
| #define HAVE_STRINGS_H 1
| #define HAVE_SYS_STAT_H 1
| #define HAVE_SYS_TYPES_H 1
| #define HAVE_UNISTD_H 1
| #define HAVE_WCHAR_H 1
| #define HAVE_SYS_PARAM_H 1
| #define STDC_HEADERS 1
| #define _ALL_SOURCE 1
| #define _DARWIN_C_SOURCE 1
| #define _GNU_SOURCE 1
| #define _HPUX_ALT_XOPEN_SOCKET_API 1
| #define _NETBSD_SOURCE 1
| #define _OPENBSD_SOURCE 1
| #define _POSIX_PTHREAD_SEMANTICS 1
| #define __STDC_WANT_IEC_60559_ATTRIBS_EXT__ 1
| #define __STDC_WANT_IEC_60559_BFP_EXT__ 1
| #define __STDC_WANT_IEC_60559_DFP_EXT__ 1
| #define __STDC_WANT_IEC_60559_FUNCS_EXT__ 1
| #define __STDC_WANT_IEC_60559_TYPES_EXT__ 1
| #define __STDC_WANT_LIB_EXT2__ 1
| #define __STDC_WANT_MATH_SPEC_FUNCS__ 1
| #define _TANDEM_SOURCE 1
| #define __EXTENSIONS__ 1
| #define HAVE_DLFCN_H 1
| #define LT_OBJDIR ".libs/"
| #define HAVE_VISIBILITY 1
| #define MAJOR_IN_SYSMACROS 1
| #define HAVE_SYS_WAIT_H 1
| #define HAVE_STDINT_H 1
| #define HAVE_FCNTL_H 1
| #define HAVE_INTTYPES_H 1
| #define HAVE_UNISTD_H 1
| #define HAVE_BYTESWAP_H 1
| #define HAVE_SPAWN_H 1
| #define HAVE_UTIME_H 1
| #define HAVE_WCHAR_H 1
| #define HAVE_WCTYPE_H 1
| #define HAVE_GETOPT_H 1
| #define HAVE_ERR_H 1
| #define HAVE_SYS_MMAN_H 1
| #define HAVE_SYS_STAT_H 1
| #define HAVE_SYS_TYPES_H 1
| #define HAVE_SYS_TIME_H 1
| #define HAVE_SYS_SYSMACROS_H 1
| #define HAVE_SYS_IOCTL_H 1
| #define HAVE_ZLIB_H 1
| #define HAVE_SIG_T 1
| #define HAVE_STRUCT_STAT_ST_RDEV 1
| #define HAVE_STRUCT_TM_TM_GMTOFF 1
| #define HAVE_STRUCT_TM_TM_ZONE 1
| #define HAVE_TM_ZONE 1
| #define HAVE_TM_ZONE 1
| #define HAVE_DECL_TZNAME 1
| #define HAVE_TZNAME 1
| #define HAVE_TM_ISDST 1
| #define HAVE_DECL_DAYLIGHT 1
| #define HAVE_DAYLIGHT 1
| #define HAVE_FSEEKO 1
| #define HAVE_MBSTATE_T 1
| #define HAVE_STRUCT_OPTION 1
| /* end confdefs.h.  */
| #include <stddef.h>
| #ifdef HAVE_STDIO_H
| # include <stdio.h>
| #endif
| #ifdef HAVE_STDLIB_H
| # include <stdlib.h>
| #endif
| #ifdef HAVE_STRING_H
| # include <string.h>
| #endif
| #ifdef HAVE_INTTYPES_H
| # include <inttypes.h>
| #endif
| #ifdef HAVE_STDINT_H
| # include <stdint.h>
| #endif
| #ifdef HAVE_STRINGS_H
| # include <strings.h>
| #endif
| #ifdef HAVE_SYS_TYPES_H
| # include <sys/types.h>
| #endif
| #ifdef HAVE_SYS_STAT_H
| # include <sys/stat.h>
| #endif
| #ifdef HAVE_UNISTD_H
| # include <unistd.h>
| #endif
| 	        enum { N = 64 / 2 - 1 };
| int
| main (void)
| {
| static int test_array [1 - 2 * !((int64_t) (((((int64_t) 1 << N) << N) - 1) * 2 + 1)
| 		 < (int64_t) (((((int64_t) 1 << N) << N) - 1) * 2 + 2))];
| test_array [0] = 0;
| return test_array [0];
| 
|   ;
|   return 0;
| }
configure:14598: result: yes
configure:14608: checking for intptr_t
configure:14608: gcc -c -g -O2  conftest.c >&5
configure:14608: $? = 0
configure:14608: gcc -c -g -O2  conftest.c >&5
conftest.c: In function 'main':
conftest.c:109:23: error: expected expression before ')' token
  109 | if (sizeof ((intptr_t)))
      |                       ^
configure:14608: $? = 1
configure: failed program was:
| /* confdefs.h */
| #define PACKAGE_NAME "file"
| #define PACKAGE_TARNAME "file"
| #define PACKAGE_VERSION "5.46"
| #define PACKAGE_STRING "file 5.46"
| #define PACKAGE_BUGREPORT "christos@astron.com"
| #define PACKAGE_URL ""
| #define PACKAGE "file"
| #define VERSION "5.46"
| #define BUILTIN_ELF 1
| #define ELFCORE 1
| #define HAVE_STDIO_H 1
| #define HAVE_STDLIB_H 1
| #define HAVE_STRING_H 1
| #define HAVE_INTTYPES_H 1
| #define HAVE_STDINT_H 1
| #define HAVE_STRINGS_H 1
| #define HAVE_SYS_STAT_H 1
| #define HAVE_SYS_TYPES_H 1
| #define HAVE_UNISTD_H 1
| #define HAVE_WCHAR_H 1
| #define HAVE_SYS_PARAM_H 1
| #define STDC_HEADERS 1
| #define _ALL_SOURCE 1
| #define _DARWIN_C_SOURCE 1
| #define _GNU_SOURCE 1
| #define _HPUX_ALT_XOPEN_SOCKET_API 1
| #define _NETBSD_SOURCE 1
| #define _OPENBSD_SOURCE 1
| #define _POSIX_PTHREAD_SEMANTICS 1
| #define __STDC_WANT_IEC_60559_ATTRIBS_EXT__ 1
| #define __STDC_WANT_IEC_60559_BFP_EXT__ 1
| #define __STDC_WANT_IEC_60559_DFP_EXT__ 1
| #define __STDC_WANT_IEC_60559_FUNCS_EXT__ 1
| #define __STDC_WANT_IEC_60559_TYPES_EXT__ 1
| #define __STDC_WANT_LIB_EXT2__ 1
| #define __STDC_WANT_MATH_SPEC_FUNCS__ 1
| #define _TANDEM_SOURCE 1
| #define __EXTENSIONS__ 1
| #define HAVE_DLFCN_H 1
| #define LT_OBJDIR ".libs/"
| #define HAVE_VISIBILITY 1
| #define MAJOR_IN_SYSMACROS 1
| #define HAVE_SYS_WAIT_H 1
| #define HAVE_STDINT_H 1
| #define HAVE_FCNTL_H 1
| #define HAVE_INTTYPES_H 1
| #define HAVE_UNISTD_H 1
| #define HAVE_BYTESWAP_H 1
| #define HAVE_SPAWN_H 1
| #define HAVE_UTIME_H 1
| #define HAVE_WCHAR_H 1
| #define HAVE_WCTYPE_H 1
| #define HAVE_GETOPT_H 1
| #define HAVE_ERR_H 1
| #define HAVE_SYS_MMAN_H 1
| #define HAVE_SYS_STAT_H 1
| #define HAVE_SYS_TYPES_H 1
| #define HAVE_SYS_TIME_H 1
| #define HAVE_SYS_SYSMACROS_H 1
| #define HAVE_SYS_IOCTL_H 1
| #define HAVE_ZLIB_H 1
| #define HAVE_SIG_T 1
| #define HAVE_STRUCT_STAT_ST_RDEV 1
| #define HAVE_STRUCT_TM_TM_GMTOFF 1
| #define HAVE_STRUCT_TM_TM_ZONE 1
| #define HAVE_TM_ZONE 1
| #define HAVE_TM_ZONE 1
| #define HAVE_DECL_TZNAME 1
| #define HAVE_TZNAME 1
| #define HAVE_TM_ISDST 1
| #define HAVE_DECL_DAYLIGHT 1
| #define HAVE_DAYLIGHT 1
| #define HAVE_FSEEKO 1
| #define HAVE_MBSTATE_T 1
| #define HAVE_STRUCT_OPTION 1
| /* end confdefs.h.  */
| #include <stddef.h>
| #ifdef HAVE_STDIO_H
| # include <stdio.h>
| #endif
| #ifdef HAVE_STDLIB_H
| # include <stdlib.h>
| #endif
| #ifdef HAVE_STRING_H
| # include <string.h>
| #endif
| #ifdef HAVE_INTTYPES_H
| # include <inttypes.h>
| #endif
| #ifdef HAVE_STDINT_H
| # include <stdint.h>
| #endif
| #ifdef HAVE_STRINGS_H
| # include <strings.h>
| #endif
| #ifdef HAVE_SYS_TYPES_H
| # include <sys/types.h>
| #endif
| #ifdef HAVE_SYS_STAT_H
| # include <sys/stat.h>
| #endif
| #ifdef HAVE_UNISTD_H
| # include <unistd.h>
| #endif
| int
| main (void)
| {
| if (sizeof ((intptr_t)))
| 	    return 0;
|   ;
|   return 0;
| }
configure:14608: result: yes
configure:14644: checking for uintptr_t
configure:14644: gcc -c -g -O2  conftest.c >&5
configure:14644: $? = 0
configure:14644: gcc -c -g -O2  conftest.c >&5
conftest.c: In function 'main':
conftest.c:110:24: error: expected expression before ')' token
  110 | if (sizeof ((uintptr_t)))
      |                        ^
configure:14644: $? = 1
configure: failed program was:
| /* confdefs.h */
| #define PACKAGE_NAME "file"
| #define PACKAGE_TARNAME "file"
| #define PACKAGE_VERSION "5.46"
| #define PACKAGE_STRING "file 5.46"
| #define PACKAGE_BUGREPORT "christos@astron.com"
| #define PACKAGE_URL ""
| #define PACKAGE "file"
| #define VERSION "5.46"
| #define BUILTIN_ELF 1
| #define ELFCORE 1
| #define HAVE_STDIO_H 1
| #define HAVE_STDLIB_H 1
| #define HAVE_STRING_H 1
| #define HAVE_INTTYPES_H 1
| #define HAVE_STDINT_H 1
| #define HAVE_STRINGS_H 1
| #define HAVE_SYS_STAT_H 1
| #define HAVE_SYS_TYPES_H 1
| #define HAVE_UNISTD_H 1
| #define HAVE_WCHAR_H 1
| #define HAVE_SYS_PARAM_H 1
| #define STDC_HEADERS 1
| #define _ALL_SOURCE 1
| #define _DARWIN_C_SOURCE 1
| #define _GNU_SOURCE 1
| #define _HPUX_ALT_XOPEN_SOCKET_API 1
| #define _NETBSD_SOURCE 1
| #define _OPENBSD_SOURCE 1
| #define _POSIX_PTHREAD_SEMANTICS 1
| #define __STDC_WANT_IEC_60559_ATTRIBS_EXT__ 1
| #define __STDC_WANT_IEC_60559_BFP_EXT__ 1
| #define __STDC_WANT_IEC_60559_DFP_EXT__ 1
| #define __STDC_WANT_IEC_60559_FUNCS_EXT__ 1
| #define __STDC_WANT_IEC_60559_TYPES_EXT__ 1
| #define __STDC_WANT_LIB_EXT2__ 1
| #define __STDC_WANT_MATH_SPEC_FUNCS__ 1
| #define _TANDEM_SOURCE 1
| #define __EXTENSIONS__ 1
| #define HAVE_DLFCN_H 1
| #define LT_OBJDIR ".libs/"
| #define HAVE_VISIBILITY 1
| #define MAJOR_IN_SYSMACROS 1
| #define HAVE_SYS_WAIT_H 1
| #define HAVE_STDINT_H 1
| #define HAVE_FCNTL_H 1
| #define HAVE_INTTYPES_H 1
| #define HAVE_UNISTD_H 1
| #define HAVE_BYTESWAP_H 1
| #define HAVE_SPAWN_H 1
| #define HAVE_UTIME_H 1
| #define HAVE_WCHAR_H 1
| #define HAVE_WCTYPE_H 1
| #define HAVE_GETOPT_H 1
| #define HAVE_ERR_H 1
| #define HAVE_SYS_MMAN_H 1
| #define HAVE_SYS_STAT_H 1
| #define HAVE_SYS_TYPES_H 1
| #define HAVE_SYS_TIME_H 1
| #define HAVE_SYS_SYSMACROS_H 1
| #define HAVE_SYS_IOCTL_H 1
| #define HAVE_ZLIB_H 1
| #define HAVE_SIG_T 1
| #define HAVE_STRUCT_STAT_ST_RDEV 1
| #define HAVE_STRUCT_TM_TM_GMTOFF 1
| #define HAVE_STRUCT_TM_TM_ZONE 1
| #define HAVE_TM_ZONE 1
| #define HAVE_TM_ZONE 1
| #define HAVE_DECL_TZNAME 1
| #define HAVE_TZNAME 1
| #define HAVE_TM_ISDST 1
| #define HAVE_DECL_DAYLIGHT 1
| #define HAVE_DAYLIGHT 1
| #define HAVE_FSEEKO 1
| #define HAVE_MBSTATE_T 1
| #define HAVE_STRUCT_OPTION 1
| #define HAVE_INTPTR_T 1
| /* end confdefs.h.  */
| #include <stddef.h>
| #ifdef HAVE_STDIO_H
| # include <stdio.h>
| #endif
| #ifdef HAVE_STDLIB_H
| # include <stdlib.h>
| #endif
| #ifdef HAVE_STRING_H
| # include <string.h>
| #endif
| #ifdef HAVE_INTTYPES_H
| # include <inttypes.h>
| #endif
| #ifdef HAVE_STDINT_H
| # include <stdint.h>
| #endif
| #ifdef HAVE_STRINGS_H
| # include <strings.h>
| #endif
| #ifdef HAVE_SYS_TYPES_H
| # include <sys/types.h>
| #endif
| #ifdef HAVE_SYS_STAT_H
| # include <sys/stat.h>
| #endif
| #ifdef HAVE_UNISTD_H
| # include <unistd.h>
| #endif
| int
| main (void)
| {
| if (sizeof ((uintptr_t)))
| 	    return 0;
|   ;
|   return 0;
| }
configure:14644: result: yes
configure:14707: checking for getpagesize
configure:14707: gcc -o conftest -g -O2   conftest.c  >&5
configure:14707: $? = 0
configure:14707: result: yes
configure:14707: checking for fork
configure:14707: gcc -o conftest -g -O2   conftest.c  >&5
conftest.c:97:6: warning: conflicting types for built-in function 'fork'; expected 'int(void)' [-Wbuiltin-declaration-mismatch]
   97 | char fork ();
      |      ^~~~
configure:14707: $? = 0
configure:14707: result: yes
configure:14707: checking for vfork
configure:14707: gcc -o conftest -g -O2   conftest.c  >&5
configure:14707: $? = 0
configure:14707: result: yes
configure:14718: checking for working mmap
configure:14870: gcc -o conftest -g -O2   conftest.c  >&5
configure:14870: $? = 0
configure:14870: ./conftest
configure:14870: $? = 0
configure:14881: result: yes
configure:14896: checking for working fork
configure:14920: gcc -o conftest -g -O2   conftest.c  >&5
configure:14920: $? = 0
configure:14920: ./conftest
configure:14920: $? = 0
configure:14931: result: yes
configure:14952: checking for working vfork
configure:15081: result: yes
configure:15107: checking whether mbrtowc and mbstate_t are properly declared
configure:15128: gcc -o conftest -g -O2   conftest.c  >&5
configure:15128: $? = 0
configure:15137: result: yes
configure:15146: checking for gcc compiler warnings
configure:15166: result: yes
configure:15180: checking for strndup
configure:15180: gcc -o conftest -g -O2   conftest.c  >&5
conftest.c:103:6: warning: conflicting types for built-in function 'strndup'; expected 'char *(const char *, long unsigned int)' [-Wbuiltin-declaration-mismatch]
  103 | char strndup ();
      |      ^~~~~~~
configure:15180: $? = 0
configure:15180: result: yes
configure:15186: checking for mkstemp
configure:15186: gcc -o conftest -g -O2   conftest.c  >&5
configure:15186: $? = 0
configure:15186: result: yes
configure:15192: checking for mkostemp
configure:15192: gcc -o conftest -g -O2   conftest.c  >&5
configure:15192: $? = 0
configure:15192: result: yes
configure:15198: checking for utimes
configure:15198: gcc -o conftest -g -O2   conftest.c  >&5
configure:15198: $? = 0
configure:15198: result: yes
configure:15204: checking for utime
configure:15204: gcc -o conftest -g -O2   conftest.c  >&5
configure:15204: $? = 0
configure:15204: result: yes
configure:15210: checking for wcwidth
configure:15210: gcc -o conftest -g -O2   conftest.c  >&5
configure:15210: $? = 0
configure:15210: result: yes
configure:15216: checking for strtof
configure:15216: gcc -o conftest -g -O2   conftest.c  >&5
configure:15216: $? = 0
configure:15216: result: yes
configure:15222: checking for newlocale
configure:15222: gcc -o conftest -g -O2   conftest.c  >&5
configure:15222: $? = 0
configure:15222: result: yes
configure:15228: checking for uselocale
configure:15228: gcc -o conftest -g -O2   conftest.c  >&5
configure:15228: $? = 0
configure:15228: result: yes
configure:15234: checking for freelocale
configure:15234: gcc -o conftest -g -O2   conftest.c  >&5
configure:15234: $? = 0
configure:15234: result: yes
configure:15240: checking for memmem
configure:15240: gcc -o conftest -g -O2   conftest.c  >&5
configure:15240: $? = 0
configure:15240: result: yes
configure:15246: checking for pipe2
configure:15246: gcc -o conftest -g -O2   conftest.c  >&5
configure:15246: $? = 0
configure:15246: result: yes
configure:15252: checking for posix_spawnp
configure:15252: gcc -o conftest -g -O2   conftest.c  >&5
configure:15252: $? = 0
configure:15252: result: yes
configure:15260: checking for getopt_long
configure:15260: gcc -o conftest -g -O2   conftest.c  >&5
configure:15260: $? = 0
configure:15260: result: yes
configure:15273: checking for asprintf
configure:15273: gcc -o conftest -g -O2   conftest.c  >&5
configure:15273: $? = 0
configure:15273: result: yes
configure:15286: checking for vasprintf
configure:15286: gcc -o conftest -g -O2   conftest.c  >&5
configure:15286: $? = 0
configure:15286: result: yes
configure:15299: checking for strlcpy
configure:15299: gcc -o conftest -g -O2   conftest.c  >&5
/usr/bin/ld: /tmp/ccynuHIl.o: in function `main':
/home/dev/uswitch/benchmark/file/conftest.c:130: undefined reference to `strlcpy'
collect2: error: ld returned 1 exit status
configure:15299: $? = 1
configure: failed program was:
| /* confdefs.h */
| #define PACKAGE_NAME "file"
| #define PACKAGE_TARNAME "file"
| #define PACKAGE_VERSION "5.46"
| #define PACKAGE_STRING "file 5.46"
| #define PACKAGE_BUGREPORT "christos@astron.com"
| #define PACKAGE_URL ""
| #define PACKAGE "file"
| #define VERSION "5.46"
| #define BUILTIN_ELF 1
| #define ELFCORE 1
| #define HAVE_STDIO_H 1
| #define HAVE_STDLIB_H 1
| #define HAVE_STRING_H 1
| #define HAVE_INTTYPES_H 1
| #define HAVE_STDINT_H 1
| #define HAVE_STRINGS_H 1
| #define HAVE_SYS_STAT_H 1
| #define HAVE_SYS_TYPES_H 1
| #define HAVE_UNISTD_H 1
| #define HAVE_WCHAR_H 1
| #define HAVE_SYS_PARAM_H 1
| #define STDC_HEADERS 1
| #define _ALL_SOURCE 1
| #define _DARWIN_C_SOURCE 1
| #define _GNU_SOURCE 1
| #define _HPUX_ALT_XOPEN_SOCKET_API 1
| #define _NETBSD_SOURCE 1
| #define _OPENBSD_SOURCE 1
| #define _POSIX_PTHREAD_SEMANTICS 1
| #define __STDC_WANT_IEC_60559_ATTRIBS_EXT__ 1
| #define __STDC_WANT_IEC_60559_BFP_EXT__ 1
| #define __STDC_WANT_IEC_60559_DFP_EXT__ 1
| #define __STDC_WANT_IEC_60559_FUNCS_EXT__ 1
| #define __STDC_WANT_IEC_60559_TYPES_EXT__ 1
| #define __STDC_WANT_LIB_EXT2__ 1
| #define __STDC_WANT_MATH_SPEC_FUNCS__ 1
| #define _TANDEM_SOURCE 1
| #define __EXTENSIONS__ 1
| #define HAVE_DLFCN_H 1
| #define LT_OBJDIR ".libs/"
| #define HAVE_VISIBILITY 1
| #define MAJOR_IN_SYSMACROS 1
| #define HAVE_SYS_WAIT_H 1
| #define HAVE_STDINT_H 1
| #define HAVE_FCNTL_H 1
| #define HAVE_INTTYPES_H 1
| #define HAVE_UNISTD_H 1
| #define HAVE_BYTESWAP_H 1
| #define HAVE_SPAWN_H 1
| #define HAVE_UTIME_H 1
| #define HAVE_WCHAR_H 1
| #define HAVE_WCTYPE_H 1
| #define HAVE_GETOPT_H 1
| #define HAVE_ERR_H 1
| #define HAVE_SYS_MMAN_H 1
| #define HAVE_SYS_STAT_H 1
| #define HAVE_SYS_TYPES_H 1
| #define HAVE_SYS_TIME_H 1
| #define HAVE_SYS_SYSMACROS_H 1
| #define HAVE_SYS_IOCTL_H 1
| #define HAVE_ZLIB_H 1
| #define HAVE_SIG_T 1
| #define HAVE_STRUCT_STAT_ST_RDEV 1
| #define HAVE_STRUCT_TM_TM_GMTOFF 1
| #define HAVE_STRUCT_TM_TM_ZONE 1
| #define HAVE_TM_ZONE 1
| #define HAVE_TM_ZONE 1
| #define HAVE_DECL_TZNAME 1
| #define HAVE_TZNAME 1
| #define HAVE_TM_ISDST 1
| #define HAVE_DECL_DAYLIGHT 1
| #define HAVE_DAYLIGHT 1
| #define HAVE_FSEEKO 1
| #define HAVE_MBSTATE_T 1
| #define HAVE_STRUCT_OPTION 1
| #define HAVE_INTPTR_T 1
| #define HAVE_UINTPTR_T 1
| #define HAVE_GETPAGESIZE 1
| #define HAVE_FORK 1
| #define HAVE_VFORK 1
| #define HAVE_MMAP 1
| #define HAVE_WORKING_VFORK 1
| #define HAVE_WORKING_FORK 1
| #define HAVE_MBRTOWC 1
| #define HAVE_STRNDUP 1
| #define HAVE_MKSTEMP 1
| #define HAVE_MKOSTEMP 1
| #define HAVE_UTIMES 1
| #define HAVE_UTIME 1
| #define HAVE_WCWIDTH 1
| #define HAVE_STRTOF 1
| #define HAVE_NEWLOCALE 1
| #define HAVE_USELOCALE 1
| #define HAVE_FREELOCALE 1
| #define HAVE_MEMMEM 1
| #define HAVE_PIPE2 1
| #define HAVE_POSIX_SPAWNP 1
| #define HAVE_GETOPT_LONG 1
| #define HAVE_ASPRINTF 1
| #define HAVE_VASPRINTF 1
| /* end confdefs.h.  */
| /* Define strlcpy to an innocuous variant, in case <limits.h> declares strlcpy.
|    For example, HP-UX 11i <limits.h> declares gettimeofday.  */
| #define strlcpy innocuous_strlcpy
| 
| /* System header to define __stub macros and hopefully few prototypes,
|    which can conflict with char strlcpy (); below.  */
| 
| #include <limits.h>
| #undef strlcpy
| 
| /* Override any GCC internal prototype to avoid an error.
|    Use char because int might match the return type of a GCC
|    builtin and then its argument prototype would still apply.  */
| #ifdef __cplusplus
| extern "C"
| #endif
| char strlcpy ();
| /* The GNU C library defines this for functions which it implements
|     to always fail with ENOSYS.  Some functions are actually named
|     something starting with __ and the normal name is an alias.  */
| #if defined __stub_strlcpy || defined __stub___strlcpy
| choke me
| #endif
| 
| int
| main (void)
| {
| return strlcpy ();
|   ;
|   return 0;
| }
configure:15299: result: no
configure:15312: checking for strlcat
configure:15312: gcc -o conftest -g -O2   conftest.c  >&5
/usr/bin/ld: /tmp/ccuE9wC8.o: in function `main':
/home/dev/uswitch/benchmark/file/conftest.c:130: undefined reference to `strlcat'
collect2: error: ld returned 1 exit status
configure:15312: $? = 1
configure: failed program was:
| /* confdefs.h */
| #define PACKAGE_NAME "file"
| #define PACKAGE_TARNAME "file"
| #define PACKAGE_VERSION "5.46"
| #define PACKAGE_STRING "file 5.46"
| #define PACKAGE_BUGREPORT "christos@astron.com"
| #define PACKAGE_URL ""
| #define PACKAGE "file"
| #define VERSION "5.46"
| #define BUILTIN_ELF 1
| #define ELFCORE 1
| #define HAVE_STDIO_H 1
| #define HAVE_STDLIB_H 1
| #define HAVE_STRING_H 1
| #define HAVE_INTTYPES_H 1
| #define HAVE_STDINT_H 1
| #define HAVE_STRINGS_H 1
| #define HAVE_SYS_STAT_H 1
| #define HAVE_SYS_TYPES_H 1
| #define HAVE_UNISTD_H 1
| #define HAVE_WCHAR_H 1
| #define HAVE_SYS_PARAM_H 1
| #define STDC_HEADERS 1
| #define _ALL_SOURCE 1
| #define _DARWIN_C_SOURCE 1
| #define _GNU_SOURCE 1
| #define _HPUX_ALT_XOPEN_SOCKET_API 1
| #define _NETBSD_SOURCE 1
| #define _OPENBSD_SOURCE 1
| #define _POSIX_PTHREAD_SEMANTICS 1
| #define __STDC_WANT_IEC_60559_ATTRIBS_EXT__ 1
| #define __STDC_WANT_IEC_60559_BFP_EXT__ 1
| #define __STDC_WANT_IEC_60559_DFP_EXT__ 1
| #define __STDC_WANT_IEC_60559_FUNCS_EXT__ 1
| #define __STDC_WANT_IEC_60559_TYPES_EXT__ 1
| #define __STDC_WANT_LIB_EXT2__ 1
| #define __STDC_WANT_MATH_SPEC_FUNCS__ 1
| #define _TANDEM_SOURCE 1
| #define __EXTENSIONS__ 1
| #define HAVE_DLFCN_H 1
| #define LT_OBJDIR ".libs/"
| #define HAVE_VISIBILITY 1
| #define MAJOR_IN_SYSMACROS 1
| #define HAVE_SYS_WAIT_H 1
| #define HAVE_STDINT_H 1
| #define HAVE_FCNTL_H 1
| #define HAVE_INTTYPES_H 1
| #define HAVE_UNISTD_H 1
| #define HAVE_BYTESWAP_H 1
| #define HAVE_SPAWN_H 1
| #define HAVE_UTIME_H 1
| #define HAVE_WCHAR_H 1
| #define HAVE_WCTYPE_H 1
| #define HAVE_GETOPT_H 1
| #define HAVE_ERR_H 1
| #define HAVE_SYS_MMAN_H 1
| #define HAVE_SYS_STAT_H 1
| #define HAVE_SYS_TYPES_H 1
| #define HAVE_SYS_TIME_H 1
| #define HAVE_SYS_SYSMACROS_H 1
| #define HAVE_SYS_IOCTL_H 1
| #define HAVE_ZLIB_H 1
| #define HAVE_SIG_T 1
| #define HAVE_STRUCT_STAT_ST_RDEV 1
| #define HAVE_STRUCT_TM_TM_GMTOFF 1
| #define HAVE_STRUCT_TM_TM_ZONE 1
| #define HAVE_TM_ZONE 1
| #define HAVE_TM_ZONE 1
| #define HAVE_DECL_TZNAME 1
| #define HAVE_TZNAME 1
| #define HAVE_TM_ISDST 1
| #define HAVE_DECL_DAYLIGHT 1
| #define HAVE_DAYLIGHT 1
| #define HAVE_FSEEKO 1
| #define HAVE_MBSTATE_T 1
| #define HAVE_STRUCT_OPTION 1
| #define HAVE_INTPTR_T 1
| #define HAVE_UINTPTR_T 1
| #define HAVE_GETPAGESIZE 1
| #define HAVE_FORK 1
| #define HAVE_VFORK 1
| #define HAVE_MMAP 1
| #define HAVE_WORKING_VFORK 1
| #define HAVE_WORKING_FORK 1
| #define HAVE_MBRTOWC 1
| #define HAVE_STRNDUP 1
| #define HAVE_MKSTEMP 1
| #define HAVE_MKOSTEMP 1
| #define HAVE_UTIMES 1
| #define HAVE_UTIME 1
| #define HAVE_WCWIDTH 1
| #define HAVE_STRTOF 1
| #define HAVE_NEWLOCALE 1
| #define HAVE_USELOCALE 1
| #define HAVE_FREELOCALE 1
| #define HAVE_MEMMEM 1
| #define HAVE_PIPE2 1
| #define HAVE_POSIX_SPAWNP 1
| #define HAVE_GETOPT_LONG 1
| #define HAVE_ASPRINTF 1
| #define HAVE_VASPRINTF 1
| /* end confdefs.h.  */
| /* Define strlcat to an innocuous variant, in case <limits.h> declares strlcat.
|    For example, HP-UX 11i <limits.h> declares gettimeofday.  */
| #define strlcat innocuous_strlcat
| 
| /* System header to define __stub macros and hopefully few prototypes,
|    which can conflict with char strlcat (); below.  */
| 
| #include <limits.h>
| #undef strlcat
| 
| /* Override any GCC internal prototype to avoid an error.
|    Use char because int might match the return type of a GCC
|    builtin and then its argument prototype would still apply.  */
| #ifdef __cplusplus
| extern "C"
| #endif
| char strlcat ();
| /* The GNU C library defines this for functions which it implements
|     to always fail with ENOSYS.  Some functions are actually named
|     something starting with __ and the normal name is an alias.  */
| #if defined __stub_strlcat || defined __stub___strlcat
| choke me
| #endif
| 
| int
| main (void)
| {
| return strlcat ();
|   ;
|   return 0;
| }
configure:15312: result: no
configure:15325: checking for getline
configure:15325: gcc -o conftest -g -O2   conftest.c  >&5
configure:15325: $? = 0
configure:15325: result: yes
configure:15338: checking for ctime_r
configure:15338: gcc -o conftest -g -O2   conftest.c  >&5
configure:15338: $? = 0
configure:15338: result: yes
configure:15351: checking for asctime_r
configure:15351: gcc -o conftest -g -O2   conftest.c  >&5
configure:15351: $? = 0
configure:15351: result: yes
configure:15364: checking for localtime_r
configure:15364: gcc -o conftest -g -O2   conftest.c  >&5
configure:15364: $? = 0
configure:15364: result: yes
configure:15377: checking for gmtime_r
configure:15377: gcc -o conftest -g -O2   conftest.c  >&5
configure:15377: $? = 0
configure:15377: result: yes
configure:15390: checking for pread
configure:15390: gcc -o conftest -g -O2   conftest.c  >&5
configure:15390: $? = 0
configure:15390: result: yes
configure:15403: checking for strcasestr
configure:15403: gcc -o conftest -g -O2   conftest.c  >&5
configure:15403: $? = 0
configure:15403: result: yes
configure:15416: checking for fmtcheck
configure:15416: gcc -o conftest -g -O2   conftest.c  >&5
/usr/bin/ld: /tmp/ccAqGXBI.o: in function `main':
/home/dev/uswitch/benchmark/file/conftest.c:137: undefined reference to `fmtcheck'
collect2: error: ld returned 1 exit status
configure:15416: $? = 1
configure: failed program was:
| /* confdefs.h */
| #define PACKAGE_NAME "file"
| #define PACKAGE_TARNAME "file"
| #define PACKAGE_VERSION "5.46"
| #define PACKAGE_STRING "file 5.46"
| #define PACKAGE_BUGREPORT "christos@astron.com"
| #define PACKAGE_URL ""
| #define PACKAGE "file"
| #define VERSION "5.46"
| #define BUILTIN_ELF 1
| #define ELFCORE 1
| #define HAVE_STDIO_H 1
| #define HAVE_STDLIB_H 1
| #define HAVE_STRING_H 1
| #define HAVE_INTTYPES_H 1
| #define HAVE_STDINT_H 1
| #define HAVE_STRINGS_H 1
| #define HAVE_SYS_STAT_H 1
| #define HAVE_SYS_TYPES_H 1
| #define HAVE_UNISTD_H 1
| #define HAVE_WCHAR_H 1
| #define HAVE_SYS_PARAM_H 1
| #define STDC_HEADERS 1
| #define _ALL_SOURCE 1
| #define _DARWIN_C_SOURCE 1
| #define _GNU_SOURCE 1
| #define _HPUX_ALT_XOPEN_SOCKET_API 1
| #define _NETBSD_SOURCE 1
| #define _OPENBSD_SOURCE 1
| #define _POSIX_PTHREAD_SEMANTICS 1
| #define __STDC_WANT_IEC_60559_ATTRIBS_EXT__ 1
| #define __STDC_WANT_IEC_60559_BFP_EXT__ 1
| #define __STDC_WANT_IEC_60559_DFP_EXT__ 1
| #define __STDC_WANT_IEC_60559_FUNCS_EXT__ 1
| #define __STDC_WANT_IEC_60559_TYPES_EXT__ 1
| #define __STDC_WANT_LIB_EXT2__ 1
| #define __STDC_WANT_MATH_SPEC_FUNCS__ 1
| #define _TANDEM_SOURCE 1
| #define __EXTENSIONS__ 1
| #define HAVE_DLFCN_H 1
| #define LT_OBJDIR ".libs/"
| #define HAVE_VISIBILITY 1
| #define MAJOR_IN_SYSMACROS 1
| #define HAVE_SYS_WAIT_H 1
| #define HAVE_STDINT_H 1
| #define HAVE_FCNTL_H 1
| #define HAVE_INTTYPES_H 1
| #define HAVE_UNISTD_H 1
| #define HAVE_BYTESWAP_H 1
| #define HAVE_SPAWN_H 1
| #define HAVE_UTIME_H 1
| #define HAVE_WCHAR_H 1
| #define HAVE_WCTYPE_H 1
| #define HAVE_GETOPT_H 1
| #define HAVE_ERR_H 1
| #define HAVE_SYS_MMAN_H 1
| #define HAVE_SYS_STAT_H 1
| #define HAVE_SYS_TYPES_H 1
| #define HAVE_SYS_TIME_H 1
| #define HAVE_SYS_SYSMACROS_H 1
| #define HAVE_SYS_IOCTL_H 1
| #define HAVE_ZLIB_H 1
| #define HAVE_SIG_T 1
| #define HAVE_STRUCT_STAT_ST_RDEV 1
| #define HAVE_STRUCT_TM_TM_GMTOFF 1
| #define HAVE_STRUCT_TM_TM_ZONE 1
| #define HAVE_TM_ZONE 1
| #define HAVE_TM_ZONE 1
| #define HAVE_DECL_TZNAME 1
| #define HAVE_TZNAME 1
| #define HAVE_TM_ISDST 1
| #define HAVE_DECL_DAYLIGHT 1
| #define HAVE_DAYLIGHT 1
| #define HAVE_FSEEKO 1
| #define HAVE_MBSTATE_T 1
| #define HAVE_STRUCT_OPTION 1
| #define HAVE_INTPTR_T 1
| #define HAVE_UINTPTR_T 1
| #define HAVE_GETPAGESIZE 1
| #define HAVE_FORK 1
| #define HAVE_VFORK 1
| #define HAVE_MMAP 1
| #define HAVE_WORKING_VFORK 1
| #define HAVE_WORKING_FORK 1
| #define HAVE_MBRTOWC 1
| #define HAVE_STRNDUP 1
| #define HAVE_MKSTEMP 1
| #define HAVE_MKOSTEMP 1
| #define HAVE_UTIMES 1
| #define HAVE_UTIME 1
| #define HAVE_WCWIDTH 1
| #define HAVE_STRTOF 1
| #define HAVE_NEWLOCALE 1
| #define HAVE_USELOCALE 1
| #define HAVE_FREELOCALE 1
| #define HAVE_MEMMEM 1
| #define HAVE_PIPE2 1
| #define HAVE_POSIX_SPAWNP 1
| #define HAVE_GETOPT_LONG 1
| #define HAVE_ASPRINTF 1
| #define HAVE_VASPRINTF 1
| #define HAVE_GETLINE 1
| #define HAVE_CTIME_R 1
| #define HAVE_ASCTIME_R 1
| #define HAVE_LOCALTIME_R 1
| #define HAVE_GMTIME_R 1
| #define HAVE_PREAD 1
| #define HAVE_STRCASESTR 1
| /* end confdefs.h.  */
| /* Define fmtcheck to an innocuous variant, in case <limits.h> declares fmtcheck.
|    For example, HP-UX 11i <limits.h> declares gettimeofday.  */
| #define fmtcheck innocuous_fmtcheck
| 
| /* System header to define __stub macros and hopefully few prototypes,
|    which can conflict with char fmtcheck (); below.  */
| 
| #include <limits.h>
| #undef fmtcheck
| 
| /* Override any GCC internal prototype to avoid an error.
|    Use char because int might match the return type of a GCC
|    builtin and then its argument prototype would still apply.  */
| #ifdef __cplusplus
| extern "C"
| #endif
| char fmtcheck ();
| /* The GNU C library defines this for functions which it implements
|     to always fail with ENOSYS.  Some functions are actually named
|     something starting with __ and the normal name is an alias.  */
| #if defined __stub_fmtcheck || defined __stub___fmtcheck
| choke me
| #endif
| 
| int
| main (void)
| {
| return fmtcheck ();
|   ;
|   return 0;
| }
configure:15416: result: no
configure:15429: checking for dprintf
configure:15429: gcc -o conftest -g -O2   conftest.c  >&5
configure:15429: $? = 0
configure:15429: result: yes
configure:15445: checking for gzopen in -lz
configure:15468: gcc -o conftest -g -O2   conftest.c -lz   >&5
configure:15468: $? = 0
configure:15478: result: yes
configure:15490: checking for BZ2_bzCompressInit in -lbz2
configure:15513: gcc -o conftest -g -O2   conftest.c -lbz2  -lz  >&5
/usr/bin/ld: cannot find -lbz2: No such file or directory
collect2: error: ld returned 1 exit status
configure:15513: $? = 1
configure: failed program was:
| /* confdefs.h */
| #define PACKAGE_NAME "file"
| #define PACKAGE_TARNAME "file"
| #define PACKAGE_VERSION "5.46"
| #define PACKAGE_STRING "file 5.46"
| #define PACKAGE_BUGREPORT "christos@astron.com"
| #define PACKAGE_URL ""
| #define PACKAGE "file"
| #define VERSION "5.46"
| #define BUILTIN_ELF 1
| #define ELFCORE 1
| #define HAVE_STDIO_H 1
| #define HAVE_STDLIB_H 1
| #define HAVE_STRING_H 1
| #define HAVE_INTTYPES_H 1
| #define HAVE_STDINT_H 1
| #define HAVE_STRINGS_H 1
| #define HAVE_SYS_STAT_H 1
| #define HAVE_SYS_TYPES_H 1
| #define HAVE_UNISTD_H 1
| #define HAVE_WCHAR_H 1
| #define HAVE_SYS_PARAM_H 1
| #define STDC_HEADERS 1
| #define _ALL_SOURCE 1
| #define _DARWIN_C_SOURCE 1
| #define _GNU_SOURCE 1
| #define _HPUX_ALT_XOPEN_SOCKET_API 1
| #define _NETBSD_SOURCE 1
| #define _OPENBSD_SOURCE 1
| #define _POSIX_PTHREAD_SEMANTICS 1
| #define __STDC_WANT_IEC_60559_ATTRIBS_EXT__ 1
| #define __STDC_WANT_IEC_60559_BFP_EXT__ 1
| #define __STDC_WANT_IEC_60559_DFP_EXT__ 1
| #define __STDC_WANT_IEC_60559_FUNCS_EXT__ 1
| #define __STDC_WANT_IEC_60559_TYPES_EXT__ 1
| #define __STDC_WANT_LIB_EXT2__ 1
| #define __STDC_WANT_MATH_SPEC_FUNCS__ 1
| #define _TANDEM_SOURCE 1
| #define __EXTENSIONS__ 1
| #define HAVE_DLFCN_H 1
| #define LT_OBJDIR ".libs/"
| #define HAVE_VISIBILITY 1
| #define MAJOR_IN_SYSMACROS 1
| #define HAVE_SYS_WAIT_H 1
| #define HAVE_STDINT_H 1
| #define HAVE_FCNTL_H 1
| #define HAVE_INTTYPES_H 1
| #define HAVE_UNISTD_H 1
| #define HAVE_BYTESWAP_H 1
| #define HAVE_SPAWN_H 1
| #define HAVE_UTIME_H 1
| #define HAVE_WCHAR_H 1
| #define HAVE_WCTYPE_H 1
| #define HAVE_GETOPT_H 1
| #define HAVE_ERR_H 1
| #define HAVE_SYS_MMAN_H 1
| #define HAVE_SYS_STAT_H 1
| #define HAVE_SYS_TYPES_H 1
| #define HAVE_SYS_TIME_H 1
| #define HAVE_SYS_SYSMACROS_H 1
| #define HAVE_SYS_IOCTL_H 1
| #define HAVE_ZLIB_H 1
| #define HAVE_SIG_T 1
| #define HAVE_STRUCT_STAT_ST_RDEV 1
| #define HAVE_STRUCT_TM_TM_GMTOFF 1
| #define HAVE_STRUCT_TM_TM_ZONE 1
| #define HAVE_TM_ZONE 1
| #define HAVE_TM_ZONE 1
| #define HAVE_DECL_TZNAME 1
| #define HAVE_TZNAME 1
| #define HAVE_TM_ISDST 1
| #define HAVE_DECL_DAYLIGHT 1
| #define HAVE_DAYLIGHT 1
| #define HAVE_FSEEKO 1
| #define HAVE_MBSTATE_T 1
| #define HAVE_STRUCT_OPTION 1
| #define HAVE_INTPTR_T 1
| #define HAVE_UINTPTR_T 1
| #define HAVE_GETPAGESIZE 1
| #define HAVE_FORK 1
| #define HAVE_VFORK 1
| #define HAVE_MMAP 1
| #define HAVE_WORKING_VFORK 1
| #define HAVE_WORKING_FORK 1
| #define HAVE_MBRTOWC 1
| #define HAVE_STRNDUP 1
| #define HAVE_MKSTEMP 1
| #define HAVE_MKOSTEMP 1
| #define HAVE_UTIMES 1
| #define HAVE_UTIME 1
| #define HAVE_WCWIDTH 1
| #define HAVE_STRTOF 1
| #define HAVE_NEWLOCALE 1
| #define HAVE_USELOCALE 1
| #define HAVE_FREELOCALE 1
| #define HAVE_MEMMEM 1
| #define HAVE_PIPE2 1
| #define HAVE_POSIX_SPAWNP 1
| #define HAVE_GETOPT_LONG 1
| #define HAVE_ASPRINTF 1
| #define HAVE_VASPRINTF 1
| #define HAVE_GETLINE 1
| #define HAVE_CTIME_R 1
| #define HAVE_ASCTIME_R 1
| #define HAVE_LOCALTIME_R 1
| #define HAVE_GMTIME_R 1
| #define HAVE_PREAD 1
| #define HAVE_STRCASESTR 1
| #define HAVE_DPRINTF 1
| #define HAVE_LIBZ 1
| /* end confdefs.h.  */
| 
| /* Override any GCC internal prototype to avoid an error.
|    Use char because int might match the return type of a GCC
|    builtin and then its argument prototype would still apply.  */
| char BZ2_bzCompressInit ();
| int
| main (void)
| {
| return BZ2_bzCompressInit ();
|   ;
|   return 0;
| }
configure:15523: result: no
configure:15535: checking for lzma_stream_decoder in -llzma
configure:15558: gcc -o conftest -g -O2   conftest.c -llzma  -lz  >&5
/usr/bin/ld: cannot find -llzma: No such file or directory
collect2: error: ld returned 1 exit status
configure:15558: $? = 1
configure: failed program was:
| /* confdefs.h */
| #define PACKAGE_NAME "file"
| #define PACKAGE_TARNAME "file"
| #define PACKAGE_VERSION "5.46"
| #define PACKAGE_STRING "file 5.46"
| #define PACKAGE_BUGREPORT "christos@astron.com"
| #define PACKAGE_URL ""
| #define PACKAGE "file"
| #define VERSION "5.46"
| #define BUILTIN_ELF 1
| #define ELFCORE 1
| #define HAVE_STDIO_H 1
| #define HAVE_STDLIB_H 1
| #define HAVE_STRING_H 1
| #define HAVE_INTTYPES_H 1
| #define HAVE_STDINT_H 1
| #define HAVE_STRINGS_H 1
| #define HAVE_SYS_STAT_H 1
| #define HAVE_SYS_TYPES_H 1
| #define HAVE_UNISTD_H 1
| #define HAVE_WCHAR_H 1
| #define HAVE_SYS_PARAM_H 1
| #define STDC_HEADERS 1
| #define _ALL_SOURCE 1
| #define _DARWIN_C_SOURCE 1
| #define _GNU_SOURCE 1
| #define _HPUX_ALT_XOPEN_SOCKET_API 1
| #define _NETBSD_SOURCE 1
| #define _OPENBSD_SOURCE 1
| #define _POSIX_PTHREAD_SEMANTICS 1
| #define __STDC_WANT_IEC_60559_ATTRIBS_EXT__ 1
| #define __STDC_WANT_IEC_60559_BFP_EXT__ 1
| #define __STDC_WANT_IEC_60559_DFP_EXT__ 1
| #define __STDC_WANT_IEC_60559_FUNCS_EXT__ 1
| #define __STDC_WANT_IEC_60559_TYPES_EXT__ 1
| #define __STDC_WANT_LIB_EXT2__ 1
| #define __STDC_WANT_MATH_SPEC_FUNCS__ 1
| #define _TANDEM_SOURCE 1
| #define __EXTENSIONS__ 1
| #define HAVE_DLFCN_H 1
| #define LT_OBJDIR ".libs/"
| #define HAVE_VISIBILITY 1
| #define MAJOR_IN_SYSMACROS 1
| #define HAVE_SYS_WAIT_H 1
| #define HAVE_STDINT_H 1
| #define HAVE_FCNTL_H 1
| #define HAVE_INTTYPES_H 1
| #define HAVE_UNISTD_H 1
| #define HAVE_BYTESWAP_H 1
| #define HAVE_SPAWN_H 1
| #define HAVE_UTIME_H 1
| #define HAVE_WCHAR_H 1
| #define HAVE_WCTYPE_H 1
| #define HAVE_GETOPT_H 1
| #define HAVE_ERR_H 1
| #define HAVE_SYS_MMAN_H 1
| #define HAVE_SYS_STAT_H 1
| #define HAVE_SYS_TYPES_H 1
| #define HAVE_SYS_TIME_H 1
| #define HAVE_SYS_SYSMACROS_H 1
| #define HAVE_SYS_IOCTL_H 1
| #define HAVE_ZLIB_H 1
| #define HAVE_SIG_T 1
| #define HAVE_STRUCT_STAT_ST_RDEV 1
| #define HAVE_STRUCT_TM_TM_GMTOFF 1
| #define HAVE_STRUCT_TM_TM_ZONE 1
| #define HAVE_TM_ZONE 1
| #define HAVE_TM_ZONE 1
| #define HAVE_DECL_TZNAME 1
| #define HAVE_TZNAME 1
| #define HAVE_TM_ISDST 1
| #define HAVE_DECL_DAYLIGHT 1
| #define HAVE_DAYLIGHT 1
| #define HAVE_FSEEKO 1
| #define HAVE_MBSTATE_T 1
| #define HAVE_STRUCT_OPTION 1
| #define HAVE_INTPTR_T 1
| #define HAVE_UINTPTR_T 1
| #define HAVE_GETPAGESIZE 1
| #define HAVE_FORK 1
| #define HAVE_VFORK 1
| #define HAVE_MMAP 1
| #define HAVE_WORKING_VFORK 1
| #define HAVE_WORKING_FORK 1
| #define HAVE_MBRTOWC 1
| #define HAVE_STRNDUP 1
| #define HAVE_MKSTEMP 1
| #define HAVE_MKOSTEMP 1
| #define HAVE_UTIMES 1
| #define HAVE_UTIME 1
| #define HAVE_WCWIDTH 1
| #define HAVE_STRTOF 1
| #define HAVE_NEWLOCALE 1
| #define HAVE_USELOCALE 1
| #define HAVE_FREELOCALE 1
| #define HAVE_MEMMEM 1
| #define HAVE_PIPE2 1
| #define HAVE_POSIX_SPAWNP 1
| #define HAVE_GETOPT_LONG 1
| #define HAVE_ASPRINTF 1
| #define HAVE_VASPRINTF 1
| #define HAVE_GETLINE 1
| #define HAVE_CTIME_R 1
| #define HAVE_ASCTIME_R 1
| #define HAVE_LOCALTIME_R 1
| #define HAVE_GMTIME_R 1
| #define HAVE_PREAD 1
| #define HAVE_STRCASESTR 1
| #define HAVE_DPRINTF 1
| #define HAVE_LIBZ 1
| /* end confdefs.h.  */
| 
| /* Override any GCC internal prototype to avoid an error.
|    Use char because int might match the return type of a GCC
|    builtin and then its argument prototype would still apply.  */
| char lzma_stream_decoder ();
| int
| main (void)
| {
| return lzma_stream_decoder ();
|   ;
|   return 0;
| }
configure:15568: result: no
configure:15580: checking for ZSTD_createDStream in -lzstd
configure:15603: gcc -o conftest -g -O2   conftest.c -lzstd  -lz  >&5
/usr/bin/ld: cannot find -lzstd: No such file or directory
collect2: error: ld returned 1 exit status
configure:15603: $? = 1
configure: failed program was:
| /* confdefs.h */
| #define PACKAGE_NAME "file"
| #define PACKAGE_TARNAME "file"
| #define PACKAGE_VERSION "5.46"
| #define PACKAGE_STRING "file 5.46"
| #define PACKAGE_BUGREPORT "christos@astron.com"
| #define PACKAGE_URL ""
| #define PACKAGE "file"
| #define VERSION "5.46"
| #define BUILTIN_ELF 1
| #define ELFCORE 1
| #define HAVE_STDIO_H 1
| #define HAVE_STDLIB_H 1
| #define HAVE_STRING_H 1
| #define HAVE_INTTYPES_H 1
| #define HAVE_STDINT_H 1
| #define HAVE_STRINGS_H 1
| #define HAVE_SYS_STAT_H 1
| #define HAVE_SYS_TYPES_H 1
| #define HAVE_UNISTD_H 1
| #define HAVE_WCHAR_H 1
| #define HAVE_SYS_PARAM_H 1
| #define STDC_HEADERS 1
| #define _ALL_SOURCE 1
| #define _DARWIN_C_SOURCE 1
| #define _GNU_SOURCE 1
| #define _HPUX_ALT_XOPEN_SOCKET_API 1
| #define _NETBSD_SOURCE 1
| #define _OPENBSD_SOURCE 1
| #define _POSIX_PTHREAD_SEMANTICS 1
| #define __STDC_WANT_IEC_60559_ATTRIBS_EXT__ 1
| #define __STDC_WANT_IEC_60559_BFP_EXT__ 1
| #define __STDC_WANT_IEC_60559_DFP_EXT__ 1
| #define __STDC_WANT_IEC_60559_FUNCS_EXT__ 1
| #define __STDC_WANT_IEC_60559_TYPES_EXT__ 1
| #define __STDC_WANT_LIB_EXT2__ 1
| #define __STDC_WANT_MATH_SPEC_FUNCS__ 1
| #define _TANDEM_SOURCE 1
| #define __EXTENSIONS__ 1
| #define HAVE_DLFCN_H 1
| #define LT_OBJDIR ".libs/"
| #define HAVE_VISIBILITY 1
| #define MAJOR_IN_SYSMACROS 1
| #define HAVE_SYS_WAIT_H 1
| #define HAVE_STDINT_H 1
| #define HAVE_FCNTL_H 1
| #define HAVE_INTTYPES_H 1
| #define HAVE_UNISTD_H 1
| #define HAVE_BYTESWAP_H 1
| #define HAVE_SPAWN_H 1
| #define HAVE_UTIME_H 1
| #define HAVE_WCHAR_H 1
| #define HAVE_WCTYPE_H 1
| #define HAVE_GETOPT_H 1
| #define HAVE_ERR_H 1
| #define HAVE_SYS_MMAN_H 1
| #define HAVE_SYS_STAT_H 1
| #define HAVE_SYS_TYPES_H 1
| #define HAVE_SYS_TIME_H 1
| #define HAVE_SYS_SYSMACROS_H 1
| #define HAVE_SYS_IOCTL_H 1
| #define HAVE_ZLIB_H 1
| #define HAVE_SIG_T 1
| #define HAVE_STRUCT_STAT_ST_RDEV 1
| #define HAVE_STRUCT_TM_TM_GMTOFF 1
| #define HAVE_STRUCT_TM_TM_ZONE 1
| #define HAVE_TM_ZONE 1
| #define HAVE_TM_ZONE 1
| #define HAVE_DECL_TZNAME 1
| #define HAVE_TZNAME 1
| #define HAVE_TM_ISDST 1
| #define HAVE_DECL_DAYLIGHT 1
| #define HAVE_DAYLIGHT 1
| #define HAVE_FSEEKO 1
| #define HAVE_MBSTATE_T 1
| #define HAVE_STRUCT_OPTION 1
| #define HAVE_INTPTR_T 1
| #define HAVE_UINTPTR_T 1
| #define HAVE_GETPAGESIZE 1
| #define HAVE_FORK 1
| #define HAVE_VFORK 1
| #define HAVE_MMAP 1
| #define HAVE_WORKING_VFORK 1
| #define HAVE_WORKING_FORK 1
| #define HAVE_MBRTOWC 1
| #define HAVE_STRNDUP 1
| #define HAVE_MKSTEMP 1
| #define HAVE_MKOSTEMP 1
| #define HAVE_UTIMES 1
| #define HAVE_UTIME 1
| #define HAVE_WCWIDTH 1
| #define HAVE_STRTOF 1
| #define HAVE_NEWLOCALE 1
| #define HAVE_USELOCALE 1
| #define HAVE_FREELOCALE 1
| #define HAVE_MEMMEM 1
| #define HAVE_PIPE2 1
| #define HAVE_POSIX_SPAWNP 1
| #define HAVE_GETOPT_LONG 1
| #define HAVE_ASPRINTF 1
| #define HAVE_VASPRINTF 1
| #define HAVE_GETLINE 1
| #define HAVE_CTIME_R 1
| #define HAVE_ASCTIME_R 1
| #define HAVE_LOCALTIME_R 1
| #define HAVE_GMTIME_R 1
| #define HAVE_PREAD 1
| #define HAVE_STRCASESTR 1
| #define HAVE_DPRINTF 1
| #define HAVE_LIBZ 1
| /* end confdefs.h.  */
| 
| /* Override any GCC internal prototype to avoid an error.
|    Use char because int might match the return type of a GCC
|    builtin and then its argument prototype would still apply.  */
| char ZSTD_createDStream ();
| int
| main (void)
| {
| return ZSTD_createDStream ();
|   ;
|   return 0;
| }
configure:15613: result: no
configure:15625: checking for LZ_decompress_open in -llz
configure:15648: gcc -o conftest -g -O2   conftest.c -llz  -lz  >&5
/usr/bin/ld: cannot find -llz: No such file or directory
collect2: error: ld returned 1 exit status
configure:15648: $? = 1
configure: failed program was:
| /* confdefs.h */
| #define PACKAGE_NAME "file"
| #define PACKAGE_TARNAME "file"
| #define PACKAGE_VERSION "5.46"
| #define PACKAGE_STRING "file 5.46"
| #define PACKAGE_BUGREPORT "christos@astron.com"
| #define PACKAGE_URL ""
| #define PACKAGE "file"
| #define VERSION "5.46"
| #define BUILTIN_ELF 1
| #define ELFCORE 1
| #define HAVE_STDIO_H 1
| #define HAVE_STDLIB_H 1
| #define HAVE_STRING_H 1
| #define HAVE_INTTYPES_H 1
| #define HAVE_STDINT_H 1
| #define HAVE_STRINGS_H 1
| #define HAVE_SYS_STAT_H 1
| #define HAVE_SYS_TYPES_H 1
| #define HAVE_UNISTD_H 1
| #define HAVE_WCHAR_H 1
| #define HAVE_SYS_PARAM_H 1
| #define STDC_HEADERS 1
| #define _ALL_SOURCE 1
| #define _DARWIN_C_SOURCE 1
| #define _GNU_SOURCE 1
| #define _HPUX_ALT_XOPEN_SOCKET_API 1
| #define _NETBSD_SOURCE 1
| #define _OPENBSD_SOURCE 1
| #define _POSIX_PTHREAD_SEMANTICS 1
| #define __STDC_WANT_IEC_60559_ATTRIBS_EXT__ 1
| #define __STDC_WANT_IEC_60559_BFP_EXT__ 1
| #define __STDC_WANT_IEC_60559_DFP_EXT__ 1
| #define __STDC_WANT_IEC_60559_FUNCS_EXT__ 1
| #define __STDC_WANT_IEC_60559_TYPES_EXT__ 1
| #define __STDC_WANT_LIB_EXT2__ 1
| #define __STDC_WANT_MATH_SPEC_FUNCS__ 1
| #define _TANDEM_SOURCE 1
| #define __EXTENSIONS__ 1
| #define HAVE_DLFCN_H 1
| #define LT_OBJDIR ".libs/"
| #define HAVE_VISIBILITY 1
| #define MAJOR_IN_SYSMACROS 1
| #define HAVE_SYS_WAIT_H 1
| #define HAVE_STDINT_H 1
| #define HAVE_FCNTL_H 1
| #define HAVE_INTTYPES_H 1
| #define HAVE_UNISTD_H 1
| #define HAVE_BYTESWAP_H 1
| #define HAVE_SPAWN_H 1
| #define HAVE_UTIME_H 1
| #define HAVE_WCHAR_H 1
| #define HAVE_WCTYPE_H 1
| #define HAVE_GETOPT_H 1
| #define HAVE_ERR_H 1
| #define HAVE_SYS_MMAN_H 1
| #define HAVE_SYS_STAT_H 1
| #define HAVE_SYS_TYPES_H 1
| #define HAVE_SYS_TIME_H 1
| #define HAVE_SYS_SYSMACROS_H 1
| #define HAVE_SYS_IOCTL_H 1
| #define HAVE_ZLIB_H 1
| #define HAVE_SIG_T 1
| #define HAVE_STRUCT_STAT_ST_RDEV 1
| #define HAVE_STRUCT_TM_TM_GMTOFF 1
| #define HAVE_STRUCT_TM_TM_ZONE 1
| #define HAVE_TM_ZONE 1
| #define HAVE_TM_ZONE 1
| #define HAVE_DECL_TZNAME 1
| #define HAVE_TZNAME 1
| #define HAVE_TM_ISDST 1
| #define HAVE_DECL_DAYLIGHT 1
| #define HAVE_DAYLIGHT 1
| #define HAVE_FSEEKO 1
| #define HAVE_MBSTATE_T 1
| #define HAVE_STRUCT_OPTION 1
| #define HAVE_INTPTR_T 1
| #define HAVE_UINTPTR_T 1
| #define HAVE_GETPAGESIZE 1
| #define HAVE_FORK 1
| #define HAVE_VFORK 1
| #define HAVE_MMAP 1
| #define HAVE_WORKING_VFORK 1
| #define HAVE_WORKING_FORK 1
| #define HAVE_MBRTOWC 1
| #define HAVE_STRNDUP 1
| #define HAVE_MKSTEMP 1
| #define HAVE_MKOSTEMP 1
| #define HAVE_UTIMES 1
| #define HAVE_UTIME 1
| #define HAVE_WCWIDTH 1
| #define HAVE_STRTOF 1
| #define HAVE_NEWLOCALE 1
| #define HAVE_USELOCALE 1
| #define HAVE_FREELOCALE 1
| #define HAVE_MEMMEM 1
| #define HAVE_PIPE2 1
| #define HAVE_POSIX_SPAWNP 1
| #define HAVE_GETOPT_LONG 1
| #define HAVE_ASPRINTF 1
| #define HAVE_VASPRINTF 1
| #define HAVE_GETLINE 1
| #define HAVE_CTIME_R 1
| #define HAVE_ASCTIME_R 1
| #define HAVE_LOCALTIME_R 1
| #define HAVE_GMTIME_R 1
| #define HAVE_PREAD 1
| #define HAVE_STRCASESTR 1
| #define HAVE_DPRINTF 1
| #define HAVE_LIBZ 1
| /* end confdefs.h.  */
| 
| /* Override any GCC internal prototype to avoid an error.
|    Use char because int might match the return type of a GCC
|    builtin and then its argument prototype would still apply.  */
| char LZ_decompress_open ();
| int
| main (void)
| {
| return LZ_decompress_open ();
|   ;
|   return 0;
| }
configure:15658: result: no
configure:15670: checking for lrzip_new in -llrzip
configure:15693: gcc -o conftest -g -O2   conftest.c -llrzip  -lz  >&5
/usr/bin/ld: cannot find -llrzip: No such file or directory
collect2: error: ld returned 1 exit status
configure:15693: $? = 1
configure: failed program was:
| /* confdefs.h */
| #define PACKAGE_NAME "file"
| #define PACKAGE_TARNAME "file"
| #define PACKAGE_VERSION "5.46"
| #define PACKAGE_STRING "file 5.46"
| #define PACKAGE_BUGREPORT "christos@astron.com"
| #define PACKAGE_URL ""
| #define PACKAGE "file"
| #define VERSION "5.46"
| #define BUILTIN_ELF 1
| #define ELFCORE 1
| #define HAVE_STDIO_H 1
| #define HAVE_STDLIB_H 1
| #define HAVE_STRING_H 1
| #define HAVE_INTTYPES_H 1
| #define HAVE_STDINT_H 1
| #define HAVE_STRINGS_H 1
| #define HAVE_SYS_STAT_H 1
| #define HAVE_SYS_TYPES_H 1
| #define HAVE_UNISTD_H 1
| #define HAVE_WCHAR_H 1
| #define HAVE_SYS_PARAM_H 1
| #define STDC_HEADERS 1
| #define _ALL_SOURCE 1
| #define _DARWIN_C_SOURCE 1
| #define _GNU_SOURCE 1
| #define _HPUX_ALT_XOPEN_SOCKET_API 1
| #define _NETBSD_SOURCE 1
| #define _OPENBSD_SOURCE 1
| #define _POSIX_PTHREAD_SEMANTICS 1
| #define __STDC_WANT_IEC_60559_ATTRIBS_EXT__ 1
| #define __STDC_WANT_IEC_60559_BFP_EXT__ 1
| #define __STDC_WANT_IEC_60559_DFP_EXT__ 1
| #define __STDC_WANT_IEC_60559_FUNCS_EXT__ 1
| #define __STDC_WANT_IEC_60559_TYPES_EXT__ 1
| #define __STDC_WANT_LIB_EXT2__ 1
| #define __STDC_WANT_MATH_SPEC_FUNCS__ 1
| #define _TANDEM_SOURCE 1
| #define __EXTENSIONS__ 1
| #define HAVE_DLFCN_H 1
| #define LT_OBJDIR ".libs/"
| #define HAVE_VISIBILITY 1
| #define MAJOR_IN_SYSMACROS 1
| #define HAVE_SYS_WAIT_H 1
| #define HAVE_STDINT_H 1
| #define HAVE_FCNTL_H 1
| #define HAVE_INTTYPES_H 1
| #define HAVE_UNISTD_H 1
| #define HAVE_BYTESWAP_H 1
| #define HAVE_SPAWN_H 1
| #define HAVE_UTIME_H 1
| #define HAVE_WCHAR_H 1
| #define HAVE_WCTYPE_H 1
| #define HAVE_GETOPT_H 1
| #define HAVE_ERR_H 1
| #define HAVE_SYS_MMAN_H 1
| #define HAVE_SYS_STAT_H 1
| #define HAVE_SYS_TYPES_H 1
| #define HAVE_SYS_TIME_H 1
| #define HAVE_SYS_SYSMACROS_H 1
| #define HAVE_SYS_IOCTL_H 1
| #define HAVE_ZLIB_H 1
| #define HAVE_SIG_T 1
| #define HAVE_STRUCT_STAT_ST_RDEV 1
| #define HAVE_STRUCT_TM_TM_GMTOFF 1
| #define HAVE_STRUCT_TM_TM_ZONE 1
| #define HAVE_TM_ZONE 1
| #define HAVE_TM_ZONE 1
| #define HAVE_DECL_TZNAME 1
| #define HAVE_TZNAME 1
| #define HAVE_TM_ISDST 1
| #define HAVE_DECL_DAYLIGHT 1
| #define HAVE_DAYLIGHT 1
| #define HAVE_FSEEKO 1
| #define HAVE_MBSTATE_T 1
| #define HAVE_STRUCT_OPTION 1
| #define HAVE_INTPTR_T 1
| #define HAVE_UINTPTR_T 1
| #define HAVE_GETPAGESIZE 1
| #define HAVE_FORK 1
| #define HAVE_VFORK 1
| #define HAVE_MMAP 1
| #define HAVE_WORKING_VFORK 1
| #define HAVE_WORKING_FORK 1
| #define HAVE_MBRTOWC 1
| #define HAVE_STRNDUP 1
| #define HAVE_MKSTEMP 1
| #define HAVE_MKOSTEMP 1
| #define HAVE_UTIMES 1
| #define HAVE_UTIME 1
| #define HAVE_WCWIDTH 1
| #define HAVE_STRTOF 1
| #define HAVE_NEWLOCALE 1
| #define HAVE_USELOCALE 1
| #define HAVE_FREELOCALE 1
| #define HAVE_MEMMEM 1
| #define HAVE_PIPE2 1
| #define HAVE_POSIX_SPAWNP 1
| #define HAVE_GETOPT_LONG 1
| #define HAVE_ASPRINTF 1
| #define HAVE_VASPRINTF 1
| #define HAVE_GETLINE 1
| #define HAVE_CTIME_R 1
| #define HAVE_ASCTIME_R 1
| #define HAVE_LOCALTIME_R 1
| #define HAVE_GMTIME_R 1
| #define HAVE_PREAD 1
| #define HAVE_STRCASESTR 1
| #define HAVE_DPRINTF 1
| #define HAVE_LIBZ 1
| /* end confdefs.h.  */
| 
| /* Override any GCC internal prototype to avoid an error.
|    Use char because int might match the return type of a GCC
|    builtin and then its argument prototype would still apply.  */
| char lrzip_new ();
| int
| main (void)
| {
| return lrzip_new ();
|   ;
|   return 0;
| }
configure:15703: result: no
configure:15716: checking for seccomp_init in -lseccomp
configure:15739: gcc -o conftest -g -O2   conftest.c -lseccomp  -lz  >&5
/usr/bin/ld: cannot find -lseccomp: No such file or directory
collect2: error: ld returned 1 exit status
configure:15739: $? = 1
configure: failed program was:
| /* confdefs.h */
| #define PACKAGE_NAME "file"
| #define PACKAGE_TARNAME "file"
| #define PACKAGE_VERSION "5.46"
| #define PACKAGE_STRING "file 5.46"
| #define PACKAGE_BUGREPORT "christos@astron.com"
| #define PACKAGE_URL ""
| #define PACKAGE "file"
| #define VERSION "5.46"
| #define BUILTIN_ELF 1
| #define ELFCORE 1
| #define HAVE_STDIO_H 1
| #define HAVE_STDLIB_H 1
| #define HAVE_STRING_H 1
| #define HAVE_INTTYPES_H 1
| #define HAVE_STDINT_H 1
| #define HAVE_STRINGS_H 1
| #define HAVE_SYS_STAT_H 1
| #define HAVE_SYS_TYPES_H 1
| #define HAVE_UNISTD_H 1
| #define HAVE_WCHAR_H 1
| #define HAVE_SYS_PARAM_H 1
| #define STDC_HEADERS 1
| #define _ALL_SOURCE 1
| #define _DARWIN_C_SOURCE 1
| #define _GNU_SOURCE 1
| #define _HPUX_ALT_XOPEN_SOCKET_API 1
| #define _NETBSD_SOURCE 1
| #define _OPENBSD_SOURCE 1
| #define _POSIX_PTHREAD_SEMANTICS 1
| #define __STDC_WANT_IEC_60559_ATTRIBS_EXT__ 1
| #define __STDC_WANT_IEC_60559_BFP_EXT__ 1
| #define __STDC_WANT_IEC_60559_DFP_EXT__ 1
| #define __STDC_WANT_IEC_60559_FUNCS_EXT__ 1
| #define __STDC_WANT_IEC_60559_TYPES_EXT__ 1
| #define __STDC_WANT_LIB_EXT2__ 1
| #define __STDC_WANT_MATH_SPEC_FUNCS__ 1
| #define _TANDEM_SOURCE 1
| #define __EXTENSIONS__ 1
| #define HAVE_DLFCN_H 1
| #define LT_OBJDIR ".libs/"
| #define HAVE_VISIBILITY 1
| #define MAJOR_IN_SYSMACROS 1
| #define HAVE_SYS_WAIT_H 1
| #define HAVE_STDINT_H 1
| #define HAVE_FCNTL_H 1
| #define HAVE_INTTYPES_H 1
| #define HAVE_UNISTD_H 1
| #define HAVE_BYTESWAP_H 1
| #define HAVE_SPAWN_H 1
| #define HAVE_UTIME_H 1
| #define HAVE_WCHAR_H 1
| #define HAVE_WCTYPE_H 1
| #define HAVE_GETOPT_H 1
| #define HAVE_ERR_H 1
| #define HAVE_SYS_MMAN_H 1
| #define HAVE_SYS_STAT_H 1
| #define HAVE_SYS_TYPES_H 1
| #define HAVE_SYS_TIME_H 1
| #define HAVE_SYS_SYSMACROS_H 1
| #define HAVE_SYS_IOCTL_H 1
| #define HAVE_ZLIB_H 1
| #define HAVE_SIG_T 1
| #define HAVE_STRUCT_STAT_ST_RDEV 1
| #define HAVE_STRUCT_TM_TM_GMTOFF 1
| #define HAVE_STRUCT_TM_TM_ZONE 1
| #define HAVE_TM_ZONE 1
| #define HAVE_TM_ZONE 1
| #define HAVE_DECL_TZNAME 1
| #define HAVE_TZNAME 1
| #define HAVE_TM_ISDST 1
| #define HAVE_DECL_DAYLIGHT 1
| #define HAVE_DAYLIGHT 1
| #define HAVE_FSEEKO 1
| #define HAVE_MBSTATE_T 1
| #define HAVE_STRUCT_OPTION 1
| #define HAVE_INTPTR_T 1
| #define HAVE_UINTPTR_T 1
| #define HAVE_GETPAGESIZE 1
| #define HAVE_FORK 1
| #define HAVE_VFORK 1
| #define HAVE_MMAP 1
| #define HAVE_WORKING_VFORK 1
| #define HAVE_WORKING_FORK 1
| #define HAVE_MBRTOWC 1
| #define HAVE_STRNDUP 1
| #define HAVE_MKSTEMP 1
| #define HAVE_MKOSTEMP 1
| #define HAVE_UTIMES 1
| #define HAVE_UTIME 1
| #define HAVE_WCWIDTH 1
| #define HAVE_STRTOF 1
| #define HAVE_NEWLOCALE 1
| #define HAVE_USELOCALE 1
| #define HAVE_FREELOCALE 1
| #define HAVE_MEMMEM 1
| #define HAVE_PIPE2 1
| #define HAVE_POSIX_SPAWNP 1
| #define HAVE_GETOPT_LONG 1
| #define HAVE_ASPRINTF 1
| #define HAVE_VASPRINTF 1
| #define HAVE_GETLINE 1
| #define HAVE_CTIME_R 1
| #define HAVE_ASCTIME_R 1
| #define HAVE_LOCALTIME_R 1
| #define HAVE_GMTIME_R 1
| #define HAVE_PREAD 1
| #define HAVE_STRCASESTR 1
| #define HAVE_DPRINTF 1
| #define HAVE_LIBZ 1
| /* end confdefs.h.  */
| 
| /* Override any GCC internal prototype to avoid an error.
|    Use char because int might match the return type of a GCC
|    builtin and then its argument prototype would still apply.  */
| char seccomp_init ();
| int
| main (void)
| {
| return seccomp_init ();
|   ;
|   return 0;
| }
configure:15749: result: no
configure:15982: checking that generated files are newer than configure
configure:15988: result: done
configure:16024: creating ./config.status

## ---------------------- ##
## Running config.status. ##
## ---------------------- ##

This file was extended by file config.status 5.46, which was
generated by GNU Autoconf 2.71.  Invocation command line was

  CONFIG_FILES    = 
  CONFIG_HEADERS  = 
  CONFIG_LINKS    = 
  CONFIG_COMMANDS = 
  $ ./config.status 

on alistair

config.status:1188: creating Makefile
config.status:1188: creating src/Makefile
config.status:1188: creating magic/Makefile
config.status:1188: creating tests/Makefile
config.status:1188: creating doc/Makefile
config.status:1188: creating python/Makefile
config.status:1188: creating libmagic.pc
config.status:1188: creating config.h
config.status:1369: config.h is unchanged
config.status:1417: executing depfiles commands
config.status:1494: cd src       && sed -e '/# am--include-marker/d' Makefile         | make -f - am--depfiles
make: Nothing to be done for 'am--depfiles'.
config.status:1499: $? = 0
config.status:1494: cd tests       && sed -e '/# am--include-marker/d' Makefile         | make -f - am--depfiles
make: Nothing to be done for 'am--depfiles'.
config.status:1499: $? = 0
config.status:1417: executing libtool commands

## ---------------- ##
## Cache variables. ##
## ---------------- ##

ac_cv_build=x86_64-pc-linux-gnu
ac_cv_c_bigendian=no
ac_cv_c_compiler_gnu=yes
ac_cv_c_int32_t=yes
ac_cv_c_int64_t=yes
ac_cv_c_uint16_t=yes
ac_cv_c_uint32_t=yes
ac_cv_c_uint64_t=yes
ac_cv_c_uint8_t=yes
ac_cv_c_undeclared_builtin_options='none needed'
ac_cv_env_CC_set=
ac_cv_env_CC_value=
ac_cv_env_CFLAGS_set=
ac_cv_env_CFLAGS_value=
ac_cv_env_CPPFLAGS_set=
ac_cv_env_CPPFLAGS_value=
ac_cv_env_LDFLAGS_set=
ac_cv_env_LDFLAGS_value=
ac_cv_env_LIBS_set=
ac_cv_env_LIBS_value=
ac_cv_env_LT_SYS_LIBRARY_PATH_set=
ac_cv_env_LT_SYS_LIBRARY_PATH_value=
ac_cv_env_build_alias_set=
ac_cv_env_build_alias_value=
ac_cv_env_host_alias_set=
ac_cv_env_host_alias_value=
ac_cv_env_target_alias_set=
ac_cv_env_target_alias_value=
ac_cv_func_asctime_r=yes
ac_cv_func_asprintf=yes
ac_cv_func_ctime_r=yes
ac_cv_func_dprintf=yes
ac_cv_func_fmtcheck=no
ac_cv_func_fork=yes
ac_cv_func_fork_works=yes
ac_cv_func_freelocale=yes
ac_cv_func_getline=yes
ac_cv_func_getopt_long=yes
ac_cv_func_getpagesize=yes
ac_cv_func_gmtime_r=yes
ac_cv_func_localtime_r=yes
ac_cv_func_mbrtowc=yes
ac_cv_func_memmem=yes
ac_cv_func_mkostemp=yes
ac_cv_func_mkstemp=yes
ac_cv_func_mmap_fixed_mapped=yes
ac_cv_func_newlocale=yes
ac_cv_func_pipe2=yes
ac_cv_func_posix_spawnp=yes
ac_cv_func_pread=yes
ac_cv_func_strcasestr=yes
ac_cv_func_strlcat=no
ac_cv_func_strlcpy=no
ac_cv_func_strndup=yes
ac_cv_func_strtof=yes
ac_cv_func_uselocale=yes
ac_cv_func_utime=yes
ac_cv_func_utimes=yes
ac_cv_func_vasprintf=yes
ac_cv_func_vfork=yes
ac_cv_func_vfork_works=yes
ac_cv_func_wcwidth=yes
ac_cv_have_decl_daylight=yes
ac_cv_have_decl_tzname=yes
ac_cv_header_Lrzip_h=no
ac_cv_header_byteswap_h=yes
ac_cv_header_bzlib_h=no
ac_cv_header_dlfcn_h=yes
ac_cv_header_err_h=yes
ac_cv_header_fcntl_h=yes
ac_cv_header_getopt_h=yes
ac_cv_header_inttypes_h=yes
ac_cv_header_lzlib_h=no
ac_cv_header_lzma_h=no
ac_cv_header_minix_config_h=no
ac_cv_header_spawn_h=yes
ac_cv_header_stdint_h=yes
ac_cv_header_stdio_h=yes
ac_cv_header_stdlib_h=yes
ac_cv_header_string_h=yes
ac_cv_header_strings_h=yes
ac_cv_header_sys_bswap_h=no
ac_cv_header_sys_ioctl_h=yes
ac_cv_header_sys_mkdev_h=no
ac_cv_header_sys_mman_h=yes
ac_cv_header_sys_param_h=yes
ac_cv_header_sys_stat_h=yes
ac_cv_header_sys_sysmacros_h=yes
ac_cv_header_sys_time_h=yes
ac_cv_header_sys_types_h=yes
ac_cv_header_sys_utime_h=no
ac_cv_header_sys_wait_h=yes
ac_cv_header_unistd_h=yes
ac_cv_header_utime_h=yes
ac_cv_header_vfork_h=no
ac_cv_header_wchar_h=yes
ac_cv_header_wctype_h=yes
ac_cv_header_xlocale_h=no
ac_cv_header_zlib_h=yes
ac_cv_header_zstd_errors_h=no
ac_cv_header_zstd_h=no
ac_cv_host=x86_64-pc-linux-gnu
ac_cv_lib_bz2_BZ2_bzCompressInit=no
ac_cv_lib_lrzip_lrzip_new=no
ac_cv_lib_lz_LZ_decompress_open=no
ac_cv_lib_lzma_lzma_stream_decoder=no
ac_cv_lib_seccomp_seccomp_init=no
ac_cv_lib_z_gzopen=yes
ac_cv_lib_zstd_ZSTD_createDStream=no
ac_cv_member_struct_stat_st_rdev=yes
ac_cv_member_struct_tm_tm_gmtoff=yes
ac_cv_member_struct_tm_tm_zone=yes
ac_cv_objext=o
ac_cv_path_EGREP='/usr/bin/grep -E'
ac_cv_path_FGREP='/usr/bin/grep -F'
ac_cv_path_GREP=/usr/bin/grep
ac_cv_path_SED=/usr/bin/sed
ac_cv_path_install='/usr/bin/install -c'
ac_cv_path_lt_DD=/usr/bin/dd
ac_cv_path_mkdir=/usr/bin/mkdir
ac_cv_prog_AWK=gawk
ac_cv_prog_ac_ct_AR=ar
ac_cv_prog_ac_ct_CC=gcc
ac_cv_prog_ac_ct_MANIFEST_TOOL=mt
ac_cv_prog_ac_ct_OBJDUMP=objdump
ac_cv_prog_ac_ct_RANLIB=ranlib
ac_cv_prog_ac_ct_STRIP=strip
ac_cv_prog_cc_c11=
ac_cv_prog_cc_g=yes
ac_cv_prog_cc_stdc=
ac_cv_prog_make_make_set=yes
ac_cv_safe_to_define___extensions__=yes
ac_cv_should_define__xopen_source=no
ac_cv_struct_option_getopt_h=yes
ac_cv_struct_tm=time.h
ac_cv_struct_tm_isdst=yes
ac_cv_struct_tm_zone=yes
ac_cv_sys_file_offset_bits=no
ac_cv_sys_largefile_CC=no
ac_cv_sys_largefile_source=no
ac_cv_type_intptr_t=yes
ac_cv_type_mbstate_t=yes
ac_cv_type_off_t=yes
ac_cv_type_pid_t=yes
ac_cv_type_sig_t=yes
ac_cv_type_size_t=yes
ac_cv_type_uintptr_t=yes
ac_cv_var_daylight=yes
ac_cv_var_tzname=yes
am_cv_CC_dependencies_compiler_type=gcc3
am_cv_make_support_nested_variables=yes
am_cv_prog_cc_c_o=yes
gl_cv_cc_vis_werror=yes
gl_cv_cc_visibility=yes
lt_cv_ar_at_file=@
lt_cv_deplibs_check_method=pass_all
lt_cv_file_magic_cmd='$MAGIC_CMD'
lt_cv_file_magic_test_file=
lt_cv_ld_reload_flag=-r
lt_cv_nm_interface='BSD nm'
lt_cv_objdir=.libs
lt_cv_path_LD=/usr/bin/ld
lt_cv_path_NM='/usr/bin/nm -B'
lt_cv_path_mainfest_tool=no
lt_cv_prog_compiler_c_o=yes
lt_cv_prog_compiler_pic='-fPIC -DPIC'
lt_cv_prog_compiler_pic_works=yes
lt_cv_prog_compiler_rtti_exceptions=no
lt_cv_prog_compiler_static_works=yes
lt_cv_prog_gnu_ld=yes
lt_cv_sharedlib_from_linklib_cmd='printf %s\n'
lt_cv_shlibpath_overrides_runpath=yes
lt_cv_sys_global_symbol_pipe='sed -n -e '\''s/^.*[	 ]\([ABCDGIRSTW][ABCDGIRSTW]*\)[	 ][	 ]*\([_A-Za-z][_A-Za-z0-9]*\)$/\1 \2 \2/p'\'' | sed '\''/ __gnu_lto/d'\'''
lt_cv_sys_global_symbol_to_c_name_address='sed -n -e '\''s/^: \(.*\) .*$/  {"\1", (void *) 0},/p'\'' -e '\''s/^[ABCDGIRSTW][ABCDGIRSTW]* .* \(.*\)$/  {"\1", (void *) \&\1},/p'\'''
lt_cv_sys_global_symbol_to_c_name_address_lib_prefix='sed -n -e '\''s/^: \(.*\) .*$/  {"\1", (void *) 0},/p'\'' -e '\''s/^[ABCDGIRSTW][ABCDGIRSTW]* .* \(lib.*\)$/  {"\1", (void *) \&\1},/p'\'' -e '\''s/^[ABCDGIRSTW][ABCDGIRSTW]* .* \(.*\)$/  {"lib\1", (void *) \&\1},/p'\'''
lt_cv_sys_global_symbol_to_cdecl='sed -n -e '\''s/^T .* \(.*\)$/extern int \1();/p'\'' -e '\''s/^[ABCDGIRSTW][ABCDGIRSTW]* .* \(.*\)$/extern char \1;/p'\'''
lt_cv_sys_global_symbol_to_import=
lt_cv_sys_max_cmd_len=1572864
lt_cv_to_host_file_cmd=func_convert_file_noop
lt_cv_to_tool_file_cmd=func_convert_file_noop
lt_cv_truncate_bin='/usr/bin/dd bs=4096 count=1'

## ----------------- ##
## Output variables. ##
## ----------------- ##

ACLOCAL='${SHELL} '\''/home/dev/uswitch/benchmark/file/missing'\'' aclocal-1.16'
AMDEPBACKSLASH='\'
AMDEP_FALSE='#'
AMDEP_TRUE=''
AMTAR='$${TAR-tar}'
AM_BACKSLASH='\'
AM_DEFAULT_V='$(AM_DEFAULT_VERBOSITY)'
AM_DEFAULT_VERBOSITY='0'
AM_V='$(V)'
AR='ar'
AUTOCONF='${SHELL} '\''/home/dev/uswitch/benchmark/file/missing'\'' autoconf'
AUTOHEADER='${SHELL} '\''/home/dev/uswitch/benchmark/file/missing'\'' autoheader'
AUTOMAKE='${SHELL} '\''/home/dev/uswitch/benchmark/file/missing'\'' automake-1.16'
AWK='gawk'
CC='gcc'
CCDEPMODE='depmode=gcc3'
CFLAGS='-g -O2'
CFLAG_VISIBILITY='-fvisibility=hidden'
CPPFLAGS=''
CSCOPE='cscope'
CTAGS='ctags'
CYGPATH_W='echo'
DEFS='-DHAVE_CONFIG_H'
DEPDIR='.deps'
DLLTOOL='false'
DSYMUTIL=''
DUMPBIN=''
ECHO_C=''
ECHO_N='-n'
ECHO_T=''
EGREP='/usr/bin/grep -E'
ETAGS='etags'
EXEEXT=''
FGREP='/usr/bin/grep -F'
FSECT5_FALSE=''
FSECT5_TRUE='#'
GREP='/usr/bin/grep'
HAVE_VISIBILITY='1'
INSTALL_DATA='${INSTALL} -m 644'
INSTALL_PROGRAM='${INSTALL}'
INSTALL_SCRIPT='${INSTALL}'
INSTALL_STRIP_PROGRAM='$(install_sh) -c -s'
IS_CROSS_COMPILE_FALSE=''
IS_CROSS_COMPILE_TRUE='#'
LD='/usr/bin/ld -m elf_x86_64'
LDFLAGS=''
LIBOBJS=' ${LIBOBJDIR}strlcpy$U.o ${LIBOBJDIR}strlcat$U.o ${LIBOBJDIR}fmtcheck$U.o'
LIBS='-lz '
LIBTOOL='$(SHELL) $(top_builddir)/libtool'
LIPO=''
LN_S='ln -s'
LTLIBOBJS=' ${LIBOBJDIR}strlcpy$U.lo ${LIBOBJDIR}strlcat$U.lo ${LIBOBJDIR}fmtcheck$U.lo'
LT_SYS_LIBRARY_PATH=''
MAKEINFO='${SHELL} '\''/home/dev/uswitch/benchmark/file/missing'\'' makeinfo'
MANIFEST_TOOL=':'
MINGW='0'
MINGW_FALSE=''
MINGW_TRUE='#'
MKDIR_P='/usr/bin/mkdir -p'
NM='/usr/bin/nm -B'
NMEDIT=''
OBJDUMP='objdump'
OBJEXT='o'
OTOOL64=''
OTOOL=''
PACKAGE='file'
PACKAGE_BUGREPORT='christos@astron.com'
PACKAGE_NAME='file'
PACKAGE_STRING='file 5.46'
PACKAGE_TARNAME='file'
PACKAGE_URL=''
PACKAGE_VERSION='5.46'
PATH_SEPARATOR=':'
RANLIB='ranlib'
SED='/usr/bin/sed'
SET_MAKE=''
SHELL='/bin/bash'
STRIP='strip'
VERSION='5.46'
WARNINGS='-Wall -Wstrict-prototypes -Wmissing-prototypes -Wpointer-arith        -Wmissing-declarations -Wredundant-decls -Wnested-externs        -Wsign-compare -Wreturn-type -Wswitch -Wshadow        -Wcast-qual -Wwrite-strings -Wextra -Wunused-parameter -Wformat=2'
ac_ct_AR='ar'
ac_ct_CC='gcc'
ac_ct_DUMPBIN=''
am__EXEEXT_FALSE=''
am__EXEEXT_TRUE='#'
am__fastdepCC_FALSE='#'
am__fastdepCC_TRUE=''
am__include='include'
am__isrc=''
am__leading_dot='.'
am__nodep='_no'
am__quote=''
am__tar='$${TAR-tar} chof - "$$tardir"'
am__untar='$${TAR-tar} xf -'
bindir='${exec_prefix}/bin'
build='x86_64-pc-linux-gnu'
build_alias=''
build_cpu='x86_64'
build_os='linux-gnu'
build_vendor='pc'
datadir='${datarootdir}'
datarootdir='${prefix}/share'
docdir='${datarootdir}/doc/${PACKAGE_TARNAME}'
dvidir='${docdir}'
exec_prefix='${prefix}'
fsect='4'
host='x86_64-pc-linux-gnu'
host_alias=''
host_cpu='x86_64'
host_os='linux-gnu'
host_vendor='pc'
htmldir='${docdir}'
includedir='${prefix}/include'
infodir='${datarootdir}/info'
install_sh='${SHELL} /home/dev/uswitch/benchmark/file/install-sh'
libdir='${exec_prefix}/lib'
libexecdir='${exec_prefix}/libexec'
localedir='${datarootdir}/locale'
localstatedir='${prefix}/var'
mandir='${datarootdir}/man'
mkdir_p='$(MKDIR_P)'
oldincludedir='/usr/include'
pdfdir='${docdir}'
pkgdatadir='$(datadir)/misc'
prefix='/usr/local'
program_transform_name='s,x,x,'
psdir='${docdir}'
runstatedir='${localstatedir}/run'
sbindir='${exec_prefix}/sbin'
sharedstatedir='${prefix}/com'
sysconfdir='${prefix}/etc'
target_alias=''

## ----------- ##
## confdefs.h. ##
## ----------- ##

/* confdefs.h */
#define PACKAGE_NAME "file"
#define PACKAGE_TARNAME "file"
#define PACKAGE_VERSION "5.46"
#define PACKAGE_STRING "file 5.46"
#define PACKAGE_BUGREPORT "christos@astron.com"
#define PACKAGE_URL ""
#define PACKAGE "file"
#define VERSION "5.46"
#define BUILTIN_ELF 1
#define ELFCORE 1
#define HAVE_STDIO_H 1
#define HAVE_STDLIB_H 1
#define HAVE_STRING_H 1
#define HAVE_INTTYPES_H 1
#define HAVE_STDINT_H 1
#define HAVE_STRINGS_H 1
#define HAVE_SYS_STAT_H 1
#define HAVE_SYS_TYPES_H 1
#define HAVE_UNISTD_H 1
#define HAVE_WCHAR_H 1
#define HAVE_SYS_PARAM_H 1
#define STDC_HEADERS 1
#define _ALL_SOURCE 1
#define _DARWIN_C_SOURCE 1
#define _GNU_SOURCE 1
#define _HPUX_ALT_XOPEN_SOCKET_API 1
#define _NETBSD_SOURCE 1
#define _OPENBSD_SOURCE 1
#define _POSIX_PTHREAD_SEMANTICS 1
#define __STDC_WANT_IEC_60559_ATTRIBS_EXT__ 1
#define __STDC_WANT_IEC_60559_BFP_EXT__ 1
#define __STDC_WANT_IEC_60559_DFP_EXT__ 1
#define __STDC_WANT_IEC_60559_FUNCS_EXT__ 1
#define __STDC_WANT_IEC_60559_TYPES_EXT__ 1
#define __STDC_WANT_LIB_EXT2__ 1
#define __STDC_WANT_MATH_SPEC_FUNCS__ 1
#define _TANDEM_SOURCE 1
#define __EXTENSIONS__ 1
#define HAVE_DLFCN_H 1
#define LT_OBJDIR ".libs/"
#define HAVE_VISIBILITY 1
#define MAJOR_IN_SYSMACROS 1
#define HAVE_SYS_WAIT_H 1
#define HAVE_STDINT_H 1
#define HAVE_FCNTL_H 1
#define HAVE_INTTYPES_H 1
#define HAVE_UNISTD_H 1
#define HAVE_BYTESWAP_H 1
#define HAVE_SPAWN_H 1
#define HAVE_UTIME_H 1
#define HAVE_WCHAR_H 1
#define HAVE_WCTYPE_H 1
#define HAVE_GETOPT_H 1
#define HAVE_ERR_H 1
#define HAVE_SYS_MMAN_H 1
#define HAVE_SYS_STAT_H 1
#define HAVE_SYS_TYPES_H 1
#define HAVE_SYS_TIME_H 1
#define HAVE_SYS_SYSMACROS_H 1
#define HAVE_SYS_IOCTL_H 1
#define HAVE_ZLIB_H 1
#define HAVE_SIG_T 1
#define HAVE_STRUCT_STAT_ST_RDEV 1
#define HAVE_STRUCT_TM_TM_GMTOFF 1
#define HAVE_STRUCT_TM_TM_ZONE 1
#define HAVE_TM_ZONE 1
#define HAVE_TM_ZONE 1
#define HAVE_DECL_TZNAME 1
#define HAVE_TZNAME 1
#define HAVE_TM_ISDST 1
#define HAVE_DECL_DAYLIGHT 1
#define HAVE_DAYLIGHT 1
#define HAVE_FSEEKO 1
#define HAVE_MBSTATE_T 1
#define HAVE_STRUCT_OPTION 1
#define HAVE_INTPTR_T 1
#define HAVE_UINTPTR_T 1
#define HAVE_GETPAGESIZE 1
#define HAVE_FORK 1
#define HAVE_VFORK 1
#define HAVE_MMAP 1
#define HAVE_WORKING_VFORK 1
#define HAVE_WORKING_FORK 1
#define HAVE_MBRTOWC 1
#define HAVE_STRNDUP 1
#define HAVE_MKSTEMP 1
#define HAVE_MKOSTEMP 1
#define HAVE_UTIMES 1
#define HAVE_UTIME 1
#define HAVE_WCWIDTH 1
#define HAVE_STRTOF 1
#define HAVE_NEWLOCALE 1
#define HAVE_USELOCALE 1
#define HAVE_FREELOCALE 1
#define HAVE_MEMMEM 1
#define HAVE_PIPE2 1
#define HAVE_POSIX_SPAWNP 1
#define HAVE_GETOPT_LONG 1
#define HAVE_ASPRINTF 1
#define HAVE_VASPRINTF 1
#define HAVE_GETLINE 1
#define HAVE_CTIME_R 1
#define HAVE_ASCTIME_R 1
#define HAVE_LOCALTIME_R 1
#define HAVE_GMTIME_R 1
#define HAVE_PREAD 1
#define HAVE_STRCASESTR 1
#define HAVE_DPRINTF 1
#define HAVE_LIBZ 1
#define ZLIBSUPPORT 1

configure: exit 0

## ---------------------- ##
## Running config.status. ##
## ---------------------- ##

This file was extended by file config.status 5.46, which was
generated by GNU Autoconf 2.71.  Invocation command line was

  CONFIG_FILES    = 
  CONFIG_HEADERS  = 
  CONFIG_LINKS    = 
  CONFIG_COMMANDS = 
  $ ./config.status src/Makefile depfiles

on alistair

config.status:1188: creating src/Makefile
config.status:1417: executing depfiles commands
config.status:1494: cd src       && sed -e '/# am--include-marker/d' Makefile         | make -f - am--depfiles
make[1]: Entering directory '/home/dev/uswitch/benchmark/file/src'
make[1]: Nothing to be done for 'am--depfiles'.
make[1]: Leaving directory '/home/dev/uswitch/benchmark/file/src'
config.status:1499: $? = 0

## ---------------------- ##
## Running config.status. ##
## ---------------------- ##

This file was extended by file config.status 5.46, which was
generated by GNU Autoconf 2.71.  Invocation command line was

  CONFIG_FILES    = 
  CONFIG_HEADERS  = 
  CONFIG_LINKS    = 
  CONFIG_COMMANDS = 
  $ ./config.status src/Makefile depfiles

on alistair

config.status:1188: creating src/Makefile
config.status:1417: executing depfiles commands
config.status:1494: cd src       && sed -e '/# am--include-marker/d' Makefile         | make -f - am--depfiles
make[1]: Entering directory '/home/dev/uswitch/benchmark/file/src'
make[1]: Nothing to be done for 'am--depfiles'.
make[1]: Leaving directory '/home/dev/uswitch/benchmark/file/src'
config.status:1499: $? = 0
